Flag of vessel,Date vessel departed with captives,Vessel name,Captain's name
Netherlands,1732-09-03T00:00:00Z,Waartwijk,"Velde, Daniel ter"
Netherlands,1706-09-09T00:00:00Z,Wakende Kraan,"Hoeven, Jan van der"
Netherlands,1706-09-09T00:00:00Z,Wakende Kraan,"Wenman, Roelof"
Netherlands,,Wapen van Amsterdam,
Netherlands,,Wapen van Amsterdam,"Scheij, Pieter"
Netherlands,1700-12-15T00:00:00Z,Wapen van Holland (a) Hollandia,"Stoop, Pieter"
Netherlands,1700-12-15T00:00:00Z,Wapen van Holland (a) Hollandia,"Crans, Pieter"
Netherlands,,Wapen van Holland (a) Hollandia,"Crans, Pieter"
Netherlands,,Wapen van Holland (a) Hollandia,"Leijm, Lodewijk van der"
Netherlands,1686-02-14T00:00:00Z,Wapen van Zierikzee,"Banckert, Joost"
Netherlands,1688-10-13T00:00:00Z,Wapen van Zierikzee,"Oole, Remeus"
Netherlands,,Welvaren,"Engelsman, Samuel"
Netherlands,,Welvaren,"Dronker, Jan"
Netherlands,1682-02-08T00:00:00Z,Westsouburg,"Keuvel, Steven"
Netherlands,,Westsouburg,
Netherlands,1698-12-01T00:00:00Z,Westindisch Huis,"Kieft, Pieter Remmersz"
Netherlands,1700-12-07T00:00:00Z,Westindisch Huis,"Hincke, Jan"
Netherlands,1700-12-07T00:00:00Z,Westindisch Huis,"Kist, Jan Claasz"
Netherlands,1699-09-23T00:00:00Z,Goude Windhond,"Credo, Jan"
Netherlands,1701-08-13T00:00:00Z,Windhond,"Nebbens, Jasper"
Netherlands,1701-08-13T00:00:00Z,Windhond,"Valkenburg, Willem"
Netherlands,1695-06-09T00:00:00Z,,"Goethem, Frans van"
Netherlands,,,"Nijse, Jacob de"
Netherlands,,,"Fante, Willem"
Netherlands,,Adriana Maria,"Daling, Mathijs Evertsen"
Netherlands,1759-03-31T00:00:00Z,Adriana Petronella,"Drijber, Jacobus"
Netherlands,1759-03-31T00:00:00Z,Adriana Petronella,"Codde, Nicolaas"
Netherlands,1761-04-29T00:00:00Z,Adriana Petronella,"Kok, Christoffel"
Netherlands,,Adriana Petronella,"Kok, Christoffel"
Netherlands,1764-12-26T00:00:00Z,Adriana Petronella,"Kok, Christoffel"
Netherlands,,Adriana Petronella,"Kok, Christoffel"
Netherlands,1753-11-09T00:00:00Z,Africa,"Boore, David de (a) Bovens"
Netherlands,1764-09-16T00:00:00Z,Africa,Hollander
Netherlands,,Africa,"Harmel, Jan"
Netherlands,,Africaander,"Smit, Jan"
Netherlands,,Africaander,"Schrijver, Jan de"
Netherlands,1744-06-19T00:00:00Z,Africaander,"Hagerop, Christiaan"
Netherlands,,Africaander,"Hagerop, Christiaan"
Netherlands,,Africain,
Netherlands,,Africaanse Galei,"Vendevijle, Pieter"
Netherlands,,Africaanse Galei,"Ruleau, Daniel"
Netherlands,1742-12-23T00:00:00Z,Africaanse Galei,"Bonrepo, Gideon de"
Netherlands,1788-10-11T00:00:00Z,Algemeen Welvaren,"Oostdijk, Wilhelmus"
Netherlands,,America,"Wouters, Jan"
Netherlands,,America,"Reichert, Michiel"
Netherlands,,America,"Noordhof, Nicolaas"
Netherlands,,America,"Noordhof, Nicolaas"
Netherlands,,America,"Hees, Jan van"
Netherlands,,America,"Hees, Jan van"
Netherlands,,America,"Bollevaarde, J"
Netherlands,,Amphitrite,"Dedelhof, Pieter"
Netherlands,,Amphitrite,"Huijsing, C"
Netherlands,,Anna en Catharina,"Heere, C M de"
Netherlands,,Anna en Catharina,"Stuurling, Laurens"
Netherlands,1773-06-11T00:00:00Z,Anna en Catharina,"Stuurling, Laurens"
Netherlands,,Anna en Catharina,"Stuurling, Laurens"
Netherlands,,Anna Galei,"Vrij, Jan"
Netherlands,,Anna Galei,"Brinkman, Christiaan"
Netherlands,,Anna Galei,"Bruijn, Arend"
Netherlands,,Anna Galei,"Bruijn, Arend"
Netherlands,,Anna Galei,"Bruijn, Arend"
Netherlands,1764-08-04T00:00:00Z,Anna en Maria,"Lagerboom, Pieter"
Netherlands,,Anna en Maria,"Lagerboom, Pieter"
Netherlands,,Anna en Maria,"Eggers, Martin"
Netherlands,,Anna en Maria,"Eggers, Marten"
Netherlands,,Anthony Ewout,"Sap, Adriaan"
Netherlands,,Anthony Ewout,"Vriese, J de"
Netherlands,,Anthony Ewout,"Vriese, Jacobus de"
Netherlands,,Anthony Ewout,"Vriese, Jacobus de"
Netherlands,,Anthony Ewout,"Vriese, Jacobus de"
Netherlands,1772-10-21T00:00:00Z,Aurora,"Bakker, Johannes"
Netherlands,1774-12-15T00:00:00Z,Aurora,"Bakker, Johannes"
Netherlands,1776-12-14T00:00:00Z,Aurora,"Michielsen, Olfert"
Netherlands,1779-09-04T00:00:00Z,Aurora,"Gargon, Arnoldus J"
Netherlands,,Aurora,"Gargon, Arnoldus J"
Netherlands,,Aurora,"Goodwill, Robert"
Netherlands,1789-01-06T00:00:00Z,Aurora,"Bollaard, Hermanus"
Netherlands,1789-01-06T00:00:00Z,Aurora,"Noordhoek, Jacobus"
Netherlands,1789-01-06T00:00:00Z,Aurora,"Makins, George"
Netherlands,,Avontuur,"Boer, Cornelis den"
Netherlands,1786-11-04T00:00:00Z,Avonturier,"Valk, Barend de"
Netherlands,,Baskensburg,"Vos, Hendrik de"
Netherlands,,Belisarius,"Boer, Adriaan den"
Netherlands,1792-07-04T00:00:00Z,Brandenburg,"Gerritsen, Alexander"
Netherlands,,Carolina Medioburgensis,"Bouwens, Jan"
Netherlands,1765-07-14T00:00:00Z,Carolina Medioburgensis,"Bouwens, Jacob"
Netherlands,,Carolina Medioburgensis,"Bouwens, Jan"
Netherlands,,Carolina Medioburgensis,"Bouwens, Jan"
Netherlands,,Carolina Medioburgensis,"Bouwens, Jan"
Netherlands,,Carolina Medioburgensis,"Bouwens, Jan"
Netherlands,,Carolina Medioburgensis,"Prins, P W"
Netherlands,,Kasteel Souburg,"Fraser, David"
Netherlands,1742-12-15T00:00:00Z,Catharina Galei,"Graan, Andries"
Netherlands,1748-03-01T00:00:00Z,Catharina Galei,"Pietersz, Jan"
Netherlands,1748-03-01T00:00:00Z,Catharina Galei,"Servijn, Christoffel"
Netherlands,1748-03-01T00:00:00Z,Catharina Galei,"Bruijn, Jacob de"
Netherlands,,Christoffel,"Beekman, Nicolaas"
Netherlands,,Christoffel,"Beekman, Nicolaas"
Netherlands,,Christoffel,"Houwen, Jacobus van (a) Have"
Netherlands,,Christoffel,"Verheggen, Pieter"
Netherlands,,Christoffel,"Verheggen, Pieter"
Netherlands,,Christoffel,"Verheggen, Pieter"
Netherlands,,Christoffel,"Vos, Jan de"
Netherlands,,Clasina Petronella,"Commin, Gerrit"
Netherlands,,Clasina Petronella,"Castelijn, Johan"
Netherlands,,Clasina Petronella,"Rencken, Hendrik"
Netherlands,,Cornelia,"Belendorp, Jacob"
Netherlands,1790-02-16T00:00:00Z,Cornelia,"Riese, Andries Lodewijk"
Netherlands,,Digna Johanna,"Ende, Jacobus van den"
Netherlands,1769-06-15T00:00:00Z,Digna Johanna,"Ende, Jacobus van den"
Netherlands,1769-06-15T00:00:00Z,Digna Johanna,"Schreuder, A"
Netherlands,,Dirk en Apolonia,"Barends, Hans"
Netherlands,,Dirk en Apolonia,"Barends, Hans"
Netherlands,,Dirk en Apolonia,"Barends, Hans"
Netherlands,,Dirk en Apolonia,"Barends, Hans"
Netherlands,,Dirk en Apolonia,"Barends, Hans"
Netherlands,,Dirk en Apolonia,"Bakker, Johannes"
Netherlands,1748-06-04T00:00:00Z,Dolfijn,"Taylor, David Jacobs"
Netherlands,,Dolfijn,"Taylor, David Jacobs"
Netherlands,,Dolfijn,"Taylor, David Jacobs"
Netherlands,,Dolfijn,"Taylor, David Jacobs"
Netherlands,,Dolfijn,"Taylor, David Jacobs"
Netherlands,,Dolfijn,"Taylor, David Jacobs"
Netherlands,1758-07-20T00:00:00Z,Dolfijn,"Taylor, David Jacobs"
Netherlands,1758-07-20T00:00:00Z,Dolfijn,"Taylor, R J"
Netherlands,1758-07-20T00:00:00Z,Dolfijn,"Beekman, Nicolaas"
Netherlands,,Domburg,"Bevers, Anthony"
Netherlands,1749-02-12T00:00:00Z,Domburg,"Danquart, Willem"
Netherlands,1756-04-17T00:00:00Z,Drie Gezusters,"Stam, Maarten"
Netherlands,,Drie Gezusters,"Santleven, Hendrik"
Netherlands,,Drie Gezusters,"Heelen, Hendrik J"
Netherlands,,Drie Gebroeders,"Smit, Leijn de"
Netherlands,,Drie Gebroeders,"Smit, Leijn de"
Netherlands,,Drie Gebroeders,"Krul, Jochem"
Netherlands,,Duinvliet,
Netherlands,,Duinvliet,"Lindenberg, Jurriaan"
Netherlands,1781-04-19T00:00:00Z,Eendracht,"Udemans, Pieter Gideon"
Netherlands,,Eenhoorn,"Walthey, Anthony"
Netherlands,1762-05-08T00:00:00Z,Enigheid,"Menkenveld, Jan"
Netherlands,1764-10-29T00:00:00Z,Enigheid,"Pruijmelaar, Daniel"
Netherlands,1767-03-18T00:00:00Z,Enigheid,"Molder, Willem de"
Netherlands,1781-07-02T00:00:00Z,Eensgezindheid,"Baas, Isaac den"
Netherlands,,Eerste Edele,"Lafayolle, Pieter"
Netherlands,1754-06-24T00:00:00Z,Eerste Edele,"Lafayolle, Pieter"
Netherlands,,Eerste Edele,"Sap, Adriaan"
Netherlands,,Eerste Edele,"Sap, Adriaan"
Netherlands,1773-07-25T00:00:00Z,Elisabeth,"Harmel, Jan"
Netherlands,,Elisabeth,"Harmel, Jan"
Netherlands,,Elisabeth,"Jansen, Jurgen"
Netherlands,,Elisabeth Sophia,"Bremer, Carel"
Netherlands,1767-07-20T00:00:00Z,Elisabeth Sophia,"Bremer, Carel"
Netherlands,1769-09-27T00:00:00Z,Elisabeth Sophia,"Bremer, Carel"
Netherlands,1791-04-30T00:00:00Z,Elisabeth,"Muller, Daniel"
Netherlands,1785-10-24T00:00:00Z,Epaminondas,"Rudolfus, Servas"
Netherlands,,Essequeebse Vriendschap,"Park, Mathijs"
Netherlands,,Françoise en Catharina,"Groot, Michiel de"
Netherlands,,Frans Willem,"Joosen, Frederik"
Netherlands,,Frans Willem,"Joosen, Frederik"
Netherlands,,Frans Willem,"Sluijs, Jan van der"
Netherlands,,Frans Willem,"Sluijs, Jan van der"
Netherlands,1764-04-29T00:00:00Z,Frans Willem,"Sluijs, Jan van der"
Netherlands,,Frans Willem,"Harmel, Jan"
Netherlands,,Prinses Frederica Sophia Wilhelmina,"Smit, Leijn de"
Netherlands,,Prinses Frederica Sophia Wilhelmina,"Bekker, Fred A"
Netherlands,,Prinses Frederica Sophia Wilhelmina,"Bekker, Fred A"
Netherlands,,Geertruid en Elisabeth,"Cornelisse, Simon"
Netherlands,1756-03-17T00:00:00Z,Geertruid en Elisabeth,"Cornelisse, Simon"
Netherlands,,Geertruid en Elisabeth,"Cornelisse, Simon"
Netherlands,,Geertruid en Elisabeth,"Cornelisse, Simon"
Netherlands,,Geertruid en Elisabeth,"Deijnoot, Jasper"
Netherlands,,Geertruid en Elisabeth,"Deijnoot, Jasper"
Netherlands,,Geertruida,"Daniels, Abraham"
Netherlands,,Geertruida,"Castelijn, Johan"
Netherlands,1759-04-10T00:00:00Z,Geertruida,"Castelijn, Johannes"
Netherlands,1761-02-14T00:00:00Z,Geertruida,"Castelijn, Johan"
Netherlands,,Geertruida,"Boer, Cornelis de"
Netherlands,,Geertruida en Christina,"Jacobse, Adriaan"
Netherlands,,Geertruida en Christina,"Drijber, Willem"
Netherlands,1770-10-20T00:00:00Z,Geertruida en Christina,"Bakker, Johannes"
Netherlands,1772-07-08T00:00:00Z,Geertruida en Christina,"Drijber, Willem"
Netherlands,1775-05-18T00:00:00Z,Geertruida en Christina,"Noordhoek, Johannes"
Netherlands,1777-08-23T00:00:00Z,Geertruida en Christina,"Bakker, Johannes"
Netherlands,1785-04-29T00:00:00Z,Geertruida en Christina,"Kakom, Cornelis van"
Netherlands,1732-02-12T00:00:00Z,Genoveva Maria,"Cornelissen, J"
Netherlands,,Genoveva Maria,
Netherlands,,Genoveva Maria,
Netherlands,,Genoveva Maria,"Kluijters, Jacob"
Netherlands,,Genoveva Maria,
Netherlands,,Genoveva Maria,"Kluijters, Jacob"
Netherlands,,Genoveva Maria,"Kluijters, Jacob"
Netherlands,,Genoveva Maria,"Kluijters, Jacob"
Netherlands,,Genoveva Maria,"Gerritsen, Job"
Netherlands,,Genoveva Maria,"Gerritsen, Job"
Netherlands,,Gezegend Suikerriet,"Schrijver, Jan Daniel"
Netherlands,,Gezegend Suikerriet,"Bergh, Dirk van den"
Netherlands,,Gezegend Suikerriet,"Rust, Jonas"
Netherlands,,Gezegend Suikerriet,"Rust, Jonas"
Netherlands,,Gezegend Suikerriet,"Rust, Jonas"
Netherlands,,Gezegend Suikerriet,"Lagerboom, Pieter"
Netherlands,,Gezegend Suikerriet,"Lagerboom, Pieter"
Netherlands,,Gezegend Suikerriet,"Lagerboom, Pieter"
Netherlands,1756-02-18T00:00:00Z,Goed Succes,"Westerdaal, Coert"
Netherlands,1791-04-23T00:00:00Z,Goed Voornemen,"Tol, Casper"
Netherlands,1793-05-23T00:00:00Z,Goed Voornemen,"Tol, Casper"
Netherlands,1787-08-10T00:00:00Z,Goede Hoop,"Muijen, Cornelis van"
Netherlands,1790-04-22T00:00:00Z,Goede Hoop,"Muijen, Cornelis van"
Netherlands,,Goede Verwachting,"Steen, Jan van der"
Netherlands,,Goede Verwachting,"Churchill, Edward"
Netherlands,,Granadier,"Loo, Jan van der"
Netherlands,,Granadier,"Loo, Jan van der"
Netherlands,,Granadier,"Jansen, Roelof"
Netherlands,,Granadier,"Solomons, Jan"
Netherlands,1749-10-10T00:00:00Z,Granadier,"Steenhof, Albert"
Netherlands,,Granadier,"Kerkhoven, Jan van"
Netherlands,1787-02-27T00:00:00Z,Stad Groningen,"Tol, Casper"
Netherlands,1742-09-14T00:00:00Z,Groot Prooijen,"Jansen, Willem"
Netherlands,1744-08-03T00:00:00Z,Groot Prooijen,"Bonrepo, Gideon de"
Netherlands,,Groot Prooijen,"Rien, Hendrik van"
Netherlands,1741-04-13T00:00:00Z,Guinese Galei,"Bonrepo, Gideon de"
Netherlands,,Guinese Vrienden,"Meijer"
Netherlands,,Guinese Vrienden,"Rulle, A"
Netherlands,,Guinese Vriendschap,"Grim, Jan"
Netherlands,,Guinese Vriendschap,"Grim, Jan"
Netherlands,,Guinese Vriendschap,"Grim, Jan"
Netherlands,,Guinese Vriendschap,"Grim, Jan"
Netherlands,,Guinese Vriendschap,"Grim, Jan"
Netherlands,1765-11-23T00:00:00Z,Guinees Welvaren,"Sluijter, Pieter Hermanus"
Netherlands,,Gulde Vrijheid,"Vallé, Jacob"
Netherlands,,Gulde Vrijheid,
Netherlands,,Gulde Vrijheid,"Nijsse, Jacob de"
Netherlands,,Gulde Vrijheid,"Nijsse, Jacob de"
Netherlands,,Gulde Vrijheid,"Nijsse, Jacob de"
Netherlands,,Gulde Vrijheid,Hollem
Netherlands,,Gulde Vrijheid,"Moor, Jan de"
Netherlands,,Gulde Vrijheid,"Moor, Jan de"
Netherlands,,Gulde Vrijheid,"Sterk, Cornelis"
Netherlands,,Gulde Vrijheid,"Lins, Gabriel"
Netherlands,,Gulde Vrijheid,"Hermansz, N"
Netherlands,1764-04-11T00:00:00Z,Gulde Vrijheid,"Minnelust, Carel Michiel"
Netherlands,1764-04-11T00:00:00Z,Gulde Vrijheid,"Rietveld, Dirk"
Netherlands,,Gulde Vrijheid,"Rietveld, Dirk"
Netherlands,1767-08-29T00:00:00Z,Gulde Vrijheid,"Rietveld, Dirk"
Netherlands,,Gulde Vrijheid,"Rietveld, Dirk"
Netherlands,,Gulde Vrijheid,"Rietveld, Dirk"
Netherlands,1772-02-12T00:00:00Z,Gulde Vrijheid,"Rietveld, Dirk"
Netherlands,,Gulde Vrijheid,"Rietveld, Dirk"
Netherlands,,Gulde Vrijheid,"Rietveld, Dirk"
Netherlands,,Gulde Vrijheid,"Ketner, Christiaan"
Netherlands,1765-07-12T00:00:00Z,Haast U Langzaam,"Menkenveld, Jan"
Netherlands,1767-11-18T00:00:00Z,Haast U Langzaam,"Chatelain, Adriaan"
Netherlands,1770-01-14T00:00:00Z,Haast U Langzaam,"Chatelain, Adriaan"
Netherlands,1771-06-27T00:00:00Z,Haast U Langzaam,"Chatelain, Adriaan"
Netherlands,1773-08-20T00:00:00Z,Haast U Langzaam,"Sprang, Jan van"
Netherlands,1775-12-06T00:00:00Z,Haast U Langzaam,"Kakom, Cornelis van"
Netherlands,1778-01-31T00:00:00Z,Haast U Langzaam,"Kakom, Cornelis van"
Netherlands,1780-06-29T00:00:00Z,Haast U Langzaam,"Kakom, Cornelis van"
Netherlands,,Helena,"Boer, Cornelis den"
Netherlands,,Helena,"Boer, Adriaan den"
Netherlands,,Hermina Elisabeth,"Dupont, D"
Netherlands,,Hermina Elisabeth,"Bekker, F"
Netherlands,,Hermina Elisabeth,"Grim, Jochem"
Netherlands,,Hermina Elisabeth,"Grim, Jochem"
Netherlands,,Herstelder,"Stap, Pieter"
Netherlands,1772-06-01T00:00:00Z,Herstelder,"Stap, Pieter"
Netherlands,1733-04-01T00:00:00Z,Hof van Zeeland,"Moor, Jan de"
Netherlands,1735-01-20T00:00:00Z,Hoop,"Eversen, Huijbrecht"
Netherlands,1763-03-14T00:00:00Z,Espérance (a) Hoop,"Jacobs, Paulus"
Netherlands,,Hoop,"Magnus, Carel"
Netherlands,,Hoop,"Dankers, Joost"
Netherlands,1784-12-07T00:00:00Z,Hoop,"Udemans, Pieter Gideon"
Netherlands,,Hoop,"Eggers, M"
Netherlands,,Hougly Galey (a) Hoogland,
Netherlands,1781-02-25T00:00:00Z,Huis van Brandenburg,"Klerk, François de"
Netherlands,,Huis ter Mee,"Boer, Cornelis den"
Netherlands,,Huis ter Mee,"Boer, Cornelis den"
Netherlands,,Huis ter Mee,"Boer, Cornelis den"
Netherlands,,Huis ter Mee,"Boer, Cornelis den"
Netherlands,,Huis ter Mee,"Forbus, Izaac"
Netherlands,,Huis ter Mee,"Forbus, Izaac"
Netherlands,,Huis ter Mee,"Forbus, Izaac"
Netherlands,,Huis ter Mee,"Forbus, Izaac"
Netherlands,,Huis ter Mee,"Baas, Isaac den"
Netherlands,1784-04-24T00:00:00Z,Ida Agatha,"Grim, Jochem"
Netherlands,,Indiaan,"Kaas, Willem"
Netherlands,1762-05-07T00:00:00Z,Jacoba Maria,"Solomi, David"
Netherlands,,Jacoba Maria,"Solomi, David"
Netherlands,,Jacoba Maria,"Lamote, Cornelis"
Netherlands,,Jan en Elisabeth,"Breen, Hendrik van"
Netherlands,,Jan en Elisabeth,"Breen, Hendrik van"
Netherlands,,Jan en Elisabeth,"Vos, Jan de"
Netherlands,,Jan en Elisabeth,"Baane, Jan Cornelis"
Netherlands,,Jan en Elisabeth,"Baane, Jan Cornelis"
Netherlands,,Jan en Elisabeth,"Baane, Jan Cornelis"
Netherlands,,Jan en Elisabeth,"Baane, Jan Cornelis"
Netherlands,,Jan en Elisabeth,"Hollander, J C"
Netherlands,,Jan en Elisabeth,"Hollander, J C"
Netherlands,,Jan en Elisabeth,"Hollander, J C"
Netherlands,,Jan en Elisabeth,"Hollander, Cornelis Andries"
Netherlands,,Jan en Elisabeth,"Hollander, J C"
Netherlands,,Jan en Jacobus,"Ketner, Christiaan"
Netherlands,,Jan en Jacobus,"Ketner, Christiaan"
Netherlands,,Jan en Cornelis,"Jansen, Jurgen"
Netherlands,,Jan en Cornelis,"Jansen, Jurgen"
Netherlands,,Jan en Cornelis,"Jansen, Jurgen"
Netherlands,1786-05-06T00:00:00Z,Johanna,"Murk, Pieter"
Netherlands,,Johanna Christina,"Vrijben, L R"
Netherlands,,Johannesburg,"Bruijn, Michiel"
Netherlands,,Johannes,"Everse, Hans"
Netherlands,,Jonge Cornelis,"Jol, David"
Netherlands,,Jonge Cornelis,"Jol, David"
Netherlands,1790-11-15T00:00:00Z,Jonge Dirk,"Grim, Jochem"
Netherlands,1793-08-27T00:00:00Z,Jonge Dirk,"Grim, Jochem"
Netherlands,,Jonge Hendrik,"Beeter, Jacob"
Netherlands,,Jonge Hendrik,"Leger, Jan"
Netherlands,,Jonge Hendrik,"Lagorde"
Netherlands,1754-10-21T00:00:00Z,Jonge Isaac,"Beekman, Godfried"
Netherlands,,Jonge Isaac,"Beekman, Godfried"
Netherlands,,Jonge Isaac,"Beekman, Godfried"
Netherlands,,Jonge Jacob,"Moeremans, Jan"
Netherlands,1769-10-29T00:00:00Z,Jonge Jacob,"Molder, Willem de"
Netherlands,1769-10-29T00:00:00Z,Jonge Jacob,"Baas, Isaac den"
Netherlands,,Jonge Jacob,"Mick, C F"
Netherlands,,Jonge Jacob,"Mick, C F"
Netherlands,,Jonge Jacob,"Nap, Claas"
Netherlands,,Jonge Jacob,"Nap, Claas"
Netherlands,,Jonge Jacob,"Mick, C F"
Netherlands,,Jonge Jacob,"Nap, Claas"
Netherlands,,Jonge Jacob,"Havinga"
Netherlands,,Jonge Jan,"Hambeek, Hendrik"
Netherlands,1765-01-17T00:00:00Z,Jonge Jan,"Bevers, Anthony"
Netherlands,1783-12-17T00:00:00Z,Jonge Jan,"Riems, Jan"
Netherlands,1791-10-18T00:00:00Z,Jonge Jan,"Bakker, Dirk"
Netherlands,,Jonge Johannes,"Zell, Georg Christoff"
Netherlands,,Jonge Johannes,"Zell, Georg Christoff"
Netherlands,,Jonge Lambregt,"Langebeek, Abraham"
Netherlands,,Jonge Lambregt,"Langebeek, Abraham"
Netherlands,,Jonge Lambregt,"Langebeek, Abraham"
Netherlands,,Jonge Lambregt,"Langebeek, Abraham"
Netherlands,,Jonge Lambregt,"Smit, Michiel"
Netherlands,1773-07-28T00:00:00Z,Jonge Lambregt,"Bremer, Carel"
Netherlands,,Jonge Lambregt,"Bremer, Carel"
Netherlands,,Jonge Lambregt,"Vervenne, Cornelis"
Netherlands,1767-03-27T00:00:00Z,Jonge Matheus en Catharina,"Pauw, Jan"
Netherlands,,Jonge Pedro,
Netherlands,,Jonge Pedro,
Netherlands,,Jonge Pedro,
Netherlands,,Jonge Pedro,"Vallé, Jacob"
Netherlands,,Jonge Pedro,"Cannel, Jan"
Netherlands,,Jonge Pieter Galeij,
Netherlands,,Jonge Rombout,"Bevers, Anthony"
Netherlands,,Jonge Rombout,"Bevers, Anthony"
Netherlands,,Jonge Rombout,"Bevers, Anthony"
Netherlands,,Jonge Rombout,"Bevers, Anthony"
Netherlands,,Jonge Ruiter,"Klerk, Isaac de"
Netherlands,,Jonge Ruiter,"Klerk, Isaac de"
Netherlands,1769-07-28T00:00:00Z,Jonge Ruiter,"Klerk, Isaac de"
Netherlands,,Jonge Ruiter,"Klerk, Isaac de"
Netherlands,1772-09-10T00:00:00Z,Jonge Ruiter,"Klerk, Isaac de"
Netherlands,,Jonge Ruiter,"Klerk, Isaac de"
Netherlands,,Jonge Ruiter,"Klerk, Isaac de"
Netherlands,,Jonge Samuel,"Hollander, Cornelis Andries"
Netherlands,,Jonge Samuel,"Hollander, Cornelis Andries"
Netherlands,,Jonge Samuel,"Oorbaan, Willem"
Netherlands,,Jonge Samuel,"Harmensz, G"
Netherlands,,Jonge Samuel,"Klerk, François de"
Netherlands,1778-07-06T00:00:00Z,Jonge Samuel,"Klerk, François de"
Netherlands,,Jonge Stam,"Hollander, Cornelis Andries"
Netherlands,,Jonge Stam,"Hollander, Cornelis Andries"
Netherlands,1770-05-02T00:00:00Z,Jonge Willem,"Noordhoek, Johannes"
Netherlands,,Jonge Willem,"Noordhoek, Johannes"
Netherlands,,Jonge Willem,"Noordhoek, Johannes"
Netherlands,,Jonge Willem,"Loef, Cornelis"
Netherlands,,Jonge Willem,"Loef, Cornelis"
Netherlands,,Jonge Willem,"Lagay, Pieter"
Netherlands,,Keenenburg,"Bruijn, Jan de"
Netherlands,1771-04-03T00:00:00Z,Keenenburg,"Bruijn, Jan de"
Netherlands,1773-06-07T00:00:00Z,Keenenburg,"Bruijn, Jan de"
Netherlands,1776-02-14T00:00:00Z,Keenenburg,"Bruijn, Jan de"
Netherlands,,Kroonprins van Pruisen,"Meester, Hendrik"
Netherlands,,Laarenburg,"Noels, Andries"
Netherlands,,Laarenburg,"Noels, Andries"
Netherlands,,Lammerenburg,"Vleeshouwer, Michiel"
Netherlands,,Lammerenburg,"Vleeshouwer, Michiel"
Netherlands,,Lammerenburg,"Vleeshouwer, Michiel"
Netherlands,,Lammerenburg,"Jansen, Jan"
Netherlands,,Lammerenburg,"Janssen, Jan"
Netherlands,1789-05-16T00:00:00Z,Landlust,"Tol, Casper"
Netherlands,1788-05-07T00:00:00Z,Lea,"Jacobs, Claas"
Netherlands,,Louisa Margarita,"Lindenberg, J"
Netherlands,1793-07-03T00:00:00Z,Lust and Vlijt,"Duijker, Gerrit"
Netherlands,1793-07-03T00:00:00Z,Lust and Vlijt,"Luijtzen, Simon"
Netherlands,1771-08-30T00:00:00Z,Maas,"Port, Ary van der"
Netherlands,,Magdalena Maria,"Klerk, Pieter de"
Netherlands,,Magdalena Maria,"Klerk, Pieter de"
Netherlands,,Magdalena Maria,"Klerk, Pieter de"
Netherlands,,Magdalena Maria,"Reichert, Frans"
Netherlands,,Magdalena Maria,"Reichert, Frans"
Netherlands,,Magdalena Maria,"Reichert, Frans"
Netherlands,,Magdalena Maria,"Reichert, Frans"
Netherlands,,Magteld,"Boudewijn, J M"
Netherlands,,Maria en Elisabeth,"Lagorde, Andries"
Netherlands,,Maria en Elisabeth,"Lagorde, Andries"
Netherlands,1748-06-06T00:00:00Z,Maria Galei,"Eeling, Cornelis"
Netherlands,,Maria Geertruid Galei,"Vermout, Hermanus"
Netherlands,1756-09-13T00:00:00Z,Maria Geertruid Galei,"Vermout, Hermanus"
Netherlands,,Maria Geertruid Galei,"Vermout, Hermanus"
Netherlands,,Maria Geertruid Galei,"Pietersen, Jan"
Netherlands,,Maria Geertruid Galei,"Beekman, Godfried"
Netherlands,,Maria Geertruid Galei,"Beekman, Godfried"
Netherlands,,Maria Geertruid Galei,"Beekman, Godfried"
Netherlands,,Maria Geertruid Galei,"Beekman, Godfried"
Netherlands,1769-04-01T00:00:00Z,Maria Isabella,"Harmel, Jan"
Netherlands,,Maria Isabella,"Harmel, Jan"
Netherlands,1771-08-12T00:00:00Z,Maria Isabella,"Harmel, Jan"
Netherlands,1774-01-13T00:00:00Z,Maria Isabella,"Edebool, Carsten"
Netherlands,,Maria Isabella,"Edebool, Carsten"
Netherlands,,Maria Jacoba,"Wickman, Albert"
Netherlands,,Maria Jacoba,
Netherlands,,Maria Jacoba,"Wickman, Albert"
Netherlands,,Maria Jacoba,"Wickman, Albert"
Netherlands,,Maria Jacoba,"Wickman, Albert"
Netherlands,,Maria Jacoba,"Wickman, Albert"
Netherlands,1767-03-22T00:00:00Z,Maria,"Jansen, Jan"
Netherlands,,Maria,"Jansen, Jan"
Netherlands,,Maria,"Jansen, Jan"
Netherlands,,Maria,"Jansen, Jan"
Netherlands,,Maria,"Pieters, Carel"
Netherlands,,Maria,"Pieters, Carel"
Netherlands,,Maria,"Pieters, Carel"
Netherlands,1790-01-31T00:00:00Z,Meerenberg,"Hansen, Matthijs"
Netherlands,,Meermin,"Hogerzeijl, Martinus Bruijn"
Netherlands,1765-01-30T00:00:00Z,Meermin,"Hogerzeijl, Martinus Bruijn"
Netherlands,,Meermin,"Hogerzeijl, Martinus Bruijn"
Netherlands,,Meermin,"Hogerzeijl, Martinus Bruijn"
Netherlands,,Meermin,"Hogerzeijl, Martinus Bruijn"
Netherlands,1773-02-01T00:00:00Z,Meermin,"Hogerzeijl, Martinus Bruijn"
Netherlands,,Meermin,"Hogerzeijl, Martinus Bruijn"
Netherlands,1793-01-04T00:00:00Z,Meeuw,"Andriessen, Christiaan"
Netherlands,,Meliskerk,"Taylor, Rokus Jacobus"
Netherlands,,Meliskerk,"Bredem, Carel"
Netherlands,,Meliskerk,"Moor, Pieter de"
Netherlands,1754-07-10T00:00:00Z,Mercurius,"Stam, Maarten"
Netherlands,,Middagten,"Sterk, Cornelis"
Netherlands,,Moscovise Galei,"Daniels, Abraham"
Netherlands,,Moscovise Galei,"Daniels, Abraham"
Netherlands,,Moscovise Galei,"Daniels, Abraham"
Netherlands,,Moscovise Galei,"Daniels, Abraham"
Netherlands,,Middelburgs Welvaren,"Gerritsen, Jacob"
Netherlands,,Middelburgs Welvaren,"Kerkhoven, Jan van"
Netherlands,1755-09-22T00:00:00Z,Middelburgs Welvaren,"Kerkhoven, Jan van"
Netherlands,1757-05-25T00:00:00Z,Middelburgs Welvaren,"Mulders, David"
Netherlands,1759-04-09T00:00:00Z,Middelburgs Welvaren,"Mulders, David"
Netherlands,1761-08-26T00:00:00Z,Middelburgs Welvaren,"Mulders, David"
Netherlands,1763-04-09T00:00:00Z,Middelburgs Welvaren,"Husson, Jacobus"
Netherlands,,Nehalenia,"Kerkhoven, Jan van"
Netherlands,,Nehalenia,"Kerkhoven, Jan van"
Netherlands,,Nehalenia,"Mathijsen, C"
Netherlands,,Neptunus,"Swart, Jan"
Netherlands,,Neptunus,"Velde, Daniel de"
Netherlands,,Neptunus,"Swart, Jan"
Netherlands,1743-03-01T00:00:00Z,Neptunus,"Swart, Jan"
Netherlands,1744-08-15T00:00:00Z,Neptunus,"Swart, Jan"
Netherlands,,Neptunus,"Moor, Pieter de"
Netherlands,,Neptunus,"Solomi, David"
Netherlands,,Neptunus,"Outjes, Jochem"
Netherlands,1747-07-13T00:00:00Z,Neptunus,"Harmensz, Jan Hendrik"
Netherlands,1747-07-13T00:00:00Z,Neptunus,"Dahlboom, Olaus"
Netherlands,,Neptunus,"Bollaard, Hermanus"
Netherlands,,Neptunus,"Bollaard, Hermanus"
Netherlands,,Neptunus,"Bollaard, Hermanus"
Netherlands,,Neptunus,"Bollaard, Hermanus"
Netherlands,1785-10-18T00:00:00Z,Neptunus,"Vervenne, Cornelis"
Netherlands,,Neptunus,"Solomi, David"
Netherlands,,Nicolaas,"Hollen, Jacobus"
Netherlands,,Nicolaas,"Bruijn, Arend"
Netherlands,,Nicolaas,"Bruijn, Arend"
Netherlands,,Nicolaas,"Bruijn, Arend"
Netherlands,,Nicolaas,"Groef, Magnus"
Netherlands,,Nicolaas,"Groef, Magnus"
Netherlands,,Nicolaas,"Groef, Magnus"
Netherlands,,Nicolaas,"Claasen, Mathijs"
Netherlands,,Nicolaas,"Pekroen, Adam"
Netherlands,,Nicolaas,"Pekroen, Adam"
Netherlands,1780-04-19T00:00:00Z,Jonge Nicolaas Jan,"Reichert, Frans"
Netherlands,1784-09-20T00:00:00Z,Jonge Nicolaas Jan,"Magnus, Carel"
Netherlands,,Nicolaas Theodorus,"Verdonk, Philippus"
Netherlands,1772-01-31T00:00:00Z,Nicolaas Theodorus,"Verdonk, Philippus"
Netherlands,1772-01-31T00:00:00Z,Nicolaas Theodorus,"Krummhousen, Salomon"
Netherlands,1772-01-31T00:00:00Z,Nicolaas Theodorus,"Dupont, David"
Netherlands,1763-03-20T00:00:00Z,Nieuwe Hoop,"Mulders, David"
Netherlands,1765-03-18T00:00:00Z,Nieuwe Hoop,"Mulders, David"
Netherlands,1767-09-17T00:00:00Z,Nieuwe Hoop,"Bouque, Jacob"
Netherlands,1769-05-22T00:00:00Z,Nieuwe Hoop,"Bouque, Jacob"
Netherlands,1771-01-14T00:00:00Z,Nieuwe Hoop,"Wilton, Jan"
Netherlands,1773-09-06T00:00:00Z,Nieuwe Hoop,"Wilton, Jan"
Netherlands,1776-05-23T00:00:00Z,Nieuwe Hoop,"Wilton, Jan"
Netherlands,1779-11-05T00:00:00Z,Nieuwe Hoop,"Goodwill, Robert"
Netherlands,1785-02-16T00:00:00Z,Nieuwe Hoop,"Loef, Cornelis"
Netherlands,1785-02-16T00:00:00Z,Nieuwe Hoop,"Sap, Claas"
Netherlands,1790-04-21T00:00:00Z,Nieuwe Hoop,"Dijker, Willem"
Netherlands,1772-10-23T00:00:00Z,Nooitgedacht,"Bevers, Anthony"
Netherlands,1788-05-21T00:00:00Z,Johan van Oldenbarneveld,"Dijker, Willem"
Netherlands,1795-05-15T00:00:00Z,Oosterstax,"Kaas, Willem"
Netherlands,,Oranje Galei,"Sterk, Evert"
Netherlands,,Oud Domburg,"Galle, Jan"
Netherlands,,Oud Domburg,"Bremer, Carel"
Netherlands,1749-07-15T00:00:00Z,Ouderkerk,"Groot, Michiel de"
Netherlands,1758-07-26T00:00:00Z,Ouderkerk,"Parre, Pieter van der"
Netherlands,1758-07-26T00:00:00Z,Ouderkerk,"Dahlboom, Claas"
Netherlands,,Oudhuizen,"Meegem, Pieter"
Netherlands,,Oudhuizen,"Meegem, Pieter"
Netherlands,,Paulus,"Belendorp, Jacob"
Netherlands,1790-04-24T00:00:00Z,Pelicaan,"Kans, Willem"
Netherlands,,Petronella Cecilia,"Wolf, Conraad de"
Netherlands,,Petronella Cecilia,
Netherlands,,Petronella Cecilia,"Wolf, C de"
Netherlands,,Petronella Cecilia,
Netherlands,,Petronella Cecilia,
Netherlands,,Petronella Cecilia,"Wolf, J"
Netherlands,1753-10-27T00:00:00Z,Philadelphia,"Menkenveld, Jan"
Netherlands,1755-05-24T00:00:00Z,Philadelphia,"Menkenveld, Jan"
Netherlands,1757-04-07T00:00:00Z,Philadelphia,"Menkenveld, Jan"
Netherlands,1759-01-19T00:00:00Z,Philadelphia,"Menkenveld, Jan"
Netherlands,1760-10-06T00:00:00Z,Philadelphia,"Menkenveld, Jan"
Netherlands,1762-11-13T00:00:00Z,Philadelphia,"Wolf, Frans"
Netherlands,1762-11-13T00:00:00Z,Philadelphia,"Verdonk, Philippus"
Netherlands,1764-08-20T00:00:00Z,Philadelphia,"Verdonk, Philippus"
Netherlands,1794-06-23T00:00:00Z,Phenix,"Schoeman, Frederik"
Netherlands,,Prinses Royaal,"Vos, Jan de"
Netherlands,,Prinses Royaal,"Vos, Jan de"
Netherlands,,Prinses Royaal,"Vos, Jan de"
Netherlands,,Prinses Royaal,"Rietveld, Dirk"
Netherlands,,Prinses Royaal,"Valk, Barend de"
Netherlands,,Prinses Royaal,"Valk, Barend de"
Netherlands,,Prins Willem,"Macquee, Mattheus"
Netherlands,,Prins Willem,"Bovel, Michiel"
Netherlands,,Prins Willem (a) Prins van Oranje,
Netherlands,,Prins Willem,"Bovel, Michiel Pieter"
Netherlands,1752-08-25T00:00:00Z,Prins Willem de Vijfde,"Jacobse, Adriaan"
Netherlands,1754-03-15T00:00:00Z,Prins Willem de Vijfde,"Jacobse, Adriaan"
Netherlands,1755-12-25T00:00:00Z,Prins Willem de Vijfde,"Jacobse, Adriaan"
Netherlands,1757-11-29T00:00:00Z,Prins Willem de Vijfde,"Jacobse, Adriaan"
Netherlands,1759-11-28T00:00:00Z,Prins Willem de Vijfde,"Jacobse, Adriaan"
Netherlands,1761-10-31T00:00:00Z,Prins Willem de Vijfde,"Jacobse, Adriaan"
Netherlands,1763-08-17T00:00:00Z,Prins Willem de Vijfde,"Jacobse, Adriaan"
Netherlands,1765-12-20T00:00:00Z,Prins Willem de Vijfde,"Jacobse, Adriaan"
Netherlands,1768-03-18T00:00:00Z,Prins Willem de Vijfde,"Pietersen, Cornelis"
Netherlands,1770-03-02T00:00:00Z,Prins Willem de Vijfde,"Pietersen, Cornelis"
Netherlands,1770-03-02T00:00:00Z,Prins Willem de Vijfde,"Loef, Cornelis"
Netherlands,1772-06-13T00:00:00Z,Prins Willem de Vijfde,"Loef, Cornelis"
Netherlands,1762-05-02T00:00:00Z,Publicola,"Bel, Jacob van"
Netherlands,1764-10-26T00:00:00Z,Publicola,"Bel, Jacob van"
Netherlands,,Publicola,"Bel, Jacob van"
Netherlands,,Publicola,"Bel, Jacob van"
Netherlands,,Raadhuis van Middelburg,"Jol, David"
Netherlands,1743-02-18T00:00:00Z,Raadhuis van Middelburg,"Jol, David"
Netherlands,,Ramsburg,"Bruijn, Michiel"
Netherlands,,Ramsburg,
Netherlands,,Ramsburg,"Bruijn, Michiel"
Netherlands,,Ramsburg,"Bruijn, Michiel"
Netherlands,,Ramsburg,"Goosen, F"
Netherlands,,Rebecca,"Baarts, Jan"
Netherlands,,Resolutie,"Ridder, Jan de"
Netherlands,,Rotterdam,"Fraser, David"
Netherlands,,Rusthof,"Cornelissen, J"
Netherlands,1773-09-26T00:00:00Z,Sara Henrietta,"Santleven, Hendrik"
Netherlands,1773-09-26T00:00:00Z,Sara Henrietta,"Kakom, Adriaan van"
Netherlands,,Sara Henrietta,"Rudolfus, S"
Netherlands,,Sara Henrietta,"Eijndlijk, E"
Netherlands,,Sara Maria,"Grim, Jan"
Netherlands,1780-03-26T00:00:00Z,Sara Maria (a) Eva Maria,"Grim, Jochem"
Netherlands,,Sara Suzanna Maria,"Dankers, Joost"
Netherlands,,Sara Suzanna Maria,"Dankers, Joost"
Netherlands,,Sara Suzanna Maria,"Dankers, Joost"
Netherlands,,Snoek,"Cornelissen, Simon"
Netherlands,,Spreeuwenburg,"Leger, Jan"
Netherlands,,Spreeuwenburg,"Leger, Jan"
Netherlands,,Spreeuwenburg,
Netherlands,1760-12-21T00:00:00Z,Spreeuwenburg,"Leger, Jan"
Netherlands,,Spreeuwenburg,"Leger, Jan"
Netherlands,1764-11-07T00:00:00Z,Spreeuwenburg,"Leger, Jan"
Netherlands,,Spreeuwenburg,"Leger, Jan"
Netherlands,,Spreeuwenburg,"Leger, Jan"
Netherlands,1792-03-05T00:00:00Z,Standvastigheid,"Breedau, Carel"
Netherlands,1803-06-17T00:00:00Z,Standvastigheid,"Silou, Jan Christiaan"
Netherlands,1803-06-17T00:00:00Z,Standvastigheid,"Uding, Hermanus"
Netherlands,1766-10-24T00:00:00Z,Standvastigheid,"Obbe, Sijbrand"
Netherlands,,Surinaamse Galei,"Ridder, Jan de"
Netherlands,,Surinaamse Galei,"Ridder, Jan de"
Netherlands,,Surinaamse Vriendschap,
Netherlands,,Surinaamse Vriendschap,"Lagorde, Andries"
Netherlands,,Surinaamse Vriendschap,"Lagorde, Andries"
Netherlands,,Surinaamse Welvaart,"Ridder, Jan de"
Netherlands,,Surinaamse Welvaart,"Ridder, Jan de"
Netherlands,,Surinaamse Welvaart,"Ridder, Jan de"
Netherlands,,Surinaamse Welvaart,"Gerritsen, Job"
Netherlands,,Surinaamse Welvaart,"Bruijn, Arend"
Netherlands,,Surinaamse Welvaart,"Bruijn, Arend"
Netherlands,,Surinaamse Welvaart,"Bruijn, Arend"
Netherlands,,Surinaamse Welvaart,"Meijster, Hendrik"
Netherlands,,Surinaamse Welvaart,"Meijster, Hendrik"
Netherlands,,Surinaamse Welvaart,"Meijster, Hendrik"
Netherlands,,Surinaamse Welvaart,"Meijster, Hendrik"
Netherlands,,Surinaamse Welvaart,"Meijster, Hendrik"
Netherlands,,Surinaamse Welvaart,"Sluijter, Pieter Hermanus"
Netherlands,,Surinaamse Welvaart,"Sluijter, Pieter Hermanus"
Netherlands,,Surinaamse Welvaart,"Sluijter, Pieter Hermanus"
Netherlands,,Surinaamse Welvaart,"Boon, Jan Jansen"
Netherlands,,Surinaamse Welvaart,"Boon, Jan Jansen"
Netherlands,,Surinaamse Welvaart,"Boon, Jan Jansen"
Netherlands,,Surinaamse Welvaart,"Seijer, Hans"
Netherlands,,Suriname,"Veltz, Christiaan"
Netherlands,1787-11-09T00:00:00Z,Suriname,Lagay
Netherlands,1770-11-17T00:00:00Z,Susanna Helena,"Bourlich, Dirk"
Netherlands,1770-11-17T00:00:00Z,Susanna Helena,"Poolman, Jan"
Netherlands,1770-11-17T00:00:00Z,Susanna Helena,"Egbertse, Egbert"
Netherlands,,Susanna Jacoba,"Maarschalk, Cornelis (a) Marechal"
Netherlands,,Susanna Jacoba,"Maarschalk, Cornelis (a) Marechal"
Netherlands,,Susanna Jacoba,"Maarschalk, Cornelis (a) Marechal"
Netherlands,,Taamen,
Netherlands,,Taamen,"Stelle, Jacob van der"
Netherlands,,Taamen,"Stelle, Jacob van der"
Netherlands,,Taamen,
Netherlands,1793-04-12T00:00:00Z,Trompenburg,"Jantzen, Pieter"
Netherlands,,Twee Gezusters,"Reichert, Frans"
Netherlands,,Twee Gezusters,"Reichert, Frans"
Netherlands,,Twee Jonge Joachims,"Ketner, Christiaan"
Netherlands,,Twee Jonge Joachims,"Ketner, Christiaan"
Netherlands,,Twee Jonge Joachims,"Ketner, Christiaan"
Netherlands,,Twee Jonge Joachims,"Sap, Jan"
Netherlands,1785-03-24T00:00:00Z,Vaderland Getrouw,"Nap, Nicolaas"
Netherlands,1785-03-24T00:00:00Z,Vaderland Getrouw,"Verschuur, Jan"
Netherlands,1787-03-25T00:00:00Z,Vergenoegen,"Goodwill, Robert"
Netherlands,1789-11-06T00:00:00Z,Vergenoegen,"Goodwill, Robert"
Netherlands,1789-11-06T00:00:00Z,Vergenoegen,"Roblijn, Abraham"
Netherlands,1795-01-12T00:00:00Z,Vergenoegen,"Breedau, Carel"
Netherlands,1795-01-12T00:00:00Z,Vergenoegen,"Klaver, Johannes Gerrit"
Netherlands,,Verrekijker,"Noordhof, Nicolaas"
Netherlands,,Verrekijker,"Noordhof, Nicolaas"
Netherlands,,Verrekijker,"Kamer, Aart van de"
Netherlands,1791-05-18T00:00:00Z,Vertrouwen,"Verschuur, Johannes"
Netherlands,,Vertrouwen,
Netherlands,,Verwachting,"Vriese, Jacobus de"
Netherlands,,Verwachting,"Vriese, Jacobus de"
Netherlands,1772-09-27T00:00:00Z,Verwachting,"Vriese, Jacobus de"
Netherlands,,Verwachting,"Noels, Andries"
Netherlands,,Verwachting,
Netherlands,,Verwachting,"Noels, Andries"
Netherlands,,Verwachting,"Moelaart, Gijsbrecht"
Netherlands,1791-01-08T00:00:00Z,Verwachting,"Moelaart, Gijsbrecht"
Netherlands,1793-07-07T00:00:00Z,Verwachting,"Moelaart, Gijsbrecht"
Netherlands,1789-04-18T00:00:00Z,Vigilantie,"Sterry, Nathan"
Netherlands,1779-02-06T00:00:00Z,Vigilantie,"Michielsen, Olfert"
Netherlands,,Vigilantie,"Boswijk, Claas"
Netherlands,,Vigilantie,"Dankers, Joost"
Netherlands,,Vigilantie,"Sellow, C van"
Netherlands,1793-01-25T00:00:00Z,Vigilantie,"Silon, I C"
Netherlands,,Vigilantie,"Moelaart, Gijsbrecht"
Netherlands,,Vijf Gezusters,"Winterheim, Christiaan Frederik"
Netherlands,,Vijf Gezusters,"Winterheim, Christiaan Frederik"
Netherlands,1771-07-18T00:00:00Z,Vijf Gezusters,"Winterheim, Christiaan Frederik"
Netherlands,1775-09-03T00:00:00Z,Vis,"Sprang, Jan van"
Netherlands,,Vis,"Boer, Adriaan den"
Netherlands,,Vliegende Faam,"Moor, Pieter de"
Netherlands,1771-03-26T00:00:00Z,Vliegende Faam,"Kakom, Cornelis van"
Netherlands,1773-09-25T00:00:00Z,Vliegende Faam,"Kakom, Cornelis van"
Netherlands,,Vlissingen,"Stap, Pieter"
Netherlands,,Vlissingen,"Stap, Pieter"
Netherlands,,Vlissingen,"Stap, Pieter"
Netherlands,,Vlissingen,"Stap, Pieter"
Netherlands,,Vlissingen,"Stap, Pieter"
Netherlands,,Vlissingen,"Stap, Pieter"
Netherlands,,Vlissingen,"Crevon, Jacobus"
Netherlands,,Vlissingen,"Crevon, Jacobus"
Netherlands,,Vlissingen,"Edebool, Carsten"
Netherlands,,Vlissingse Hoofdnegotie,"Dankers, Joost"
Netherlands,1793-02-28T00:00:00Z,Vogelenstein,"Spaan, Christoffel"
Netherlands,,Vrede,
Netherlands,,Vriendschap,"Groef, Magnus"
Netherlands,1773-10-10T00:00:00Z,Vriendschap,"Groef, Magnus"
Netherlands,1773-10-10T00:00:00Z,Vriendschap,"Muller, Daniel"
Netherlands,,Vriendschap,"Muller, Daniel"
Netherlands,,Vriendschap,"Parre, Pieter van der"
Netherlands,,Vrijburg,"Brugman, Cornelis"
Netherlands,,Vrijheid,"Pieters, Carel"
Netherlands,,Vrijheid,"Pieters, Carel"
Netherlands,,Vriendschap,"Lamote, Cornelis"
Netherlands,1756-12-18T00:00:00Z,Vrouw Johanna Cores,"Tuijneman, Jan"
Netherlands,1758-11-29T00:00:00Z,Vrouw Johanna Cores,"Tuijneman, Jan"
Netherlands,1761-03-10T00:00:00Z,Vrouw Johanna Cores,"Tuijneman, Jan"
Netherlands,1762-12-18T00:00:00Z,Vrouw Johanna Cores,"Tuijneman, Jan"
Netherlands,1762-12-18T00:00:00Z,Vrouw Johanna Cores,"Molder, Willem de"
Netherlands,1762-12-18T00:00:00Z,Vrouw Johanna Cores,"Breen, Pieter van"
Netherlands,1764-12-30T00:00:00Z,Vrouw Johanna Cores,"Molder, Willem de"
Netherlands,1764-12-30T00:00:00Z,Vrouw Johanna Cores,"Sap, Jan"
Netherlands,1767-10-20T00:00:00Z,Vrouw Johanna Cores,"Mulders, David"
Netherlands,1767-10-20T00:00:00Z,Vrouw Johanna Cores,"Sap, Jan"
Netherlands,1769-11-04T00:00:00Z,Vrouw Johanna Cores,"Sap, Jan"
Netherlands,1772-02-08T00:00:00Z,Vrouw Johanna Cores,"Sap, Jan"
Netherlands,1772-02-08T00:00:00Z,Vrouw Johanna Cores,"Tuijneman, Jan"
Netherlands,1772-02-08T00:00:00Z,Vrouw Johanna Cores,"Mellendags, Jacob"
Netherlands,,Waakzaamheid,"Rijst, Pieter"
Netherlands,,Waakzaamheid,"Antheunissen, Jan"
Netherlands,,Waakzaamheid,"Antheunissen, Jan"
Netherlands,1774-08-12T00:00:00Z,Watergeus,"Chatelain, Adriaan"
Netherlands,1776-12-26T00:00:00Z,Watergeus,"Chatelain, Adriaan"
Netherlands,,Watergeus,"Chatelain, Adriaan"
Netherlands,,Watergeus,"Loef, Cornelis"
Netherlands,,Watervliet,"Winea, Dirk"
Netherlands,,Watervliet,"Winea, Dirk"
Netherlands,,Watervliet,"Jonker, Cornelis"
Netherlands,1770-02-15T00:00:00Z,Welmenende,"Haijen, Cornelis van"
Netherlands,1771-07-04T00:00:00Z,Welmenende,"Haijen, Cornelis van"
Netherlands,1774-01-28T00:00:00Z,Welmenende,"Haijen, Cornelis van"
Netherlands,1774-01-28T00:00:00Z,Welmenende,"Michielsen, Olfert"
Netherlands,,Werkendam,"Loo, Jan van der"
Netherlands,,Werkendam,
Netherlands,,Werkendam,
Netherlands,,Westcapelle,"Leger, Jan"
Netherlands,,Westcapelle,"Leger, Jan"
Netherlands,,Westcapelle,"Leger, Jan"
Netherlands,,Westcapelle,"Moelaart, Gijsbrecht"
Netherlands,,Westindische Hoop,"Andriessen, Christiaan"
Netherlands,1772-04-25T00:00:00Z,Westdorp,"Louwermans, F"
Netherlands,,Weivliet,"Lamote, Cornelis"
Netherlands,,Weivliet,"Lamote, Cornelis"
Netherlands,,Weivliet,"Lamote, Cornelis"
Netherlands,,Willemina Aletta,"Sluijs, Jan van der"
Netherlands,,Willemina Aletta,"Sluijs, Jan van der"
Netherlands,1769-07-10T00:00:00Z,Willemina Aletta,"Clebo, Jan"
Netherlands,1770-11-16T00:00:00Z,Willemina Aletta,"Clebo, Jan"
Netherlands,,Willemina Aletta,"Clebo, Jan"
Netherlands,,Willemina Aletta,"Clebo, Jan"
Netherlands,,Willemina Aletta,"Fransen, Jacob"
Netherlands,,Willem Alexander,"Cannel, Jan"
Netherlands,,Willem Alexander,"Cannel, Jan"
Netherlands,,Willem Alexander,"Cannel, Jan"
Netherlands,,Willem Alexander,"Macquee, Matheus"
Netherlands,,Willem en Carolina,"Smit, Leijn de"
Netherlands,,Willem en Carolina,"Smit, Leijn de"
Netherlands,1754-05-18T00:00:00Z,Willem en Carolina,"Smit, Leijn de"
Netherlands,,Willem en Carolina,"Smit, Leijn de"
Netherlands,,Willem en Carolina,"Smit, Leijn de"
Netherlands,,Wulpenburg,"Swart, Jan"
Netherlands,,Wulpenburg,"Moor, Pieter de"
Netherlands,1749-09-04T00:00:00Z,Wulpenburg,"Moor, Pieter de"
Netherlands,,Wulpenburg,"Solomi, David"
Netherlands,,Wulpenburg,"Solomi, David"
Netherlands,,Wulpenburg,"Solomi, David"
Netherlands,1758-11-09T00:00:00Z,Wulpenburg,"Solomi, David"
Netherlands,,Wulpenburg,"Barends, Hans"
Netherlands,,Wulpenburg,"Santleven, Hendrik"
Netherlands,1772-03-01T00:00:00Z,Wulpenburg,"Beekman, Pieter"
Netherlands,1769-10-14T00:00:00Z,Zanggodin,"Sprang, Jan van"
Netherlands,1771-08-23T00:00:00Z,Zanggodin,"Sprang, Jan van"
Netherlands,1774-08-09T00:00:00Z,Zanggodin,"Hoff, Ibbe Hendrich"
Netherlands,1785-06-28T00:00:00Z,Zeefortuin,"Baas, Isaac den"
Netherlands,1785-06-28T00:00:00Z,Zeefortuin,"Muijen, Cornelis van"
Netherlands,1789-04-19T00:00:00Z,Zeemercuur,"Kakom, Cornelis van"
Netherlands,1793-04-19T00:00:00Z,Zeemercuur,"Zell, Georg Christoff"
Netherlands,,Zeenimph,"Pieters, Carel"
Netherlands,1790-11-23T00:00:00Z,Zeenimph,"Pieters, Carel"
Netherlands,1793-07-04T00:00:00Z,Zeenimph,"Rietveld, Dirk"
Netherlands,,Zeeberg,"Kronkque, J"
Netherlands,,Zeeberg,"Louijssen, Ernst"
Netherlands,,Zeeberg,"Louijssen, Ernst"
Netherlands,,Zeeberg,"Louijssen, Ernst"
Netherlands,,Zeeberg,"Louijssen, Ernst"
Netherlands,,Zeeberg,"Louijssen, Ernst"
Netherlands,,Zeelands Welvaren,"Jurriaansen, Hendrik"
Netherlands,,Zeelands Welvaren,"Jurriaansen, Hendrik"
Netherlands,,Zeelands Welvaren,"Jurriaansen, Hendrik"
Netherlands,,Zeelands Welvaren,"Jacobs, A"
Netherlands,,Zeelands Welvaren,"Woutman, Frederik"
Netherlands,,Zeelands Welvaren,"Woutman, Frederik"
Netherlands,,Zeelands Welvaren,"Woutman, Frederik"
Netherlands,,Zeelands Welvaren,"Woutman, Frederik"
Netherlands,,Zeelands Welvaren,"Woutman, Frederik"
Netherlands,,Zeelands Welvaren,"Bakker, Johannes"
Netherlands,,Zeelands Welvaren,"Makkers, Cornelis"
Netherlands,,Zeelands Welvaren,"Makkers, Cornelis"
Netherlands,,Zeeleeuw,"Galen, Josua van"
Netherlands,1792-08-31T00:00:00Z,Zeelust,"Mackaij, Anthony"
Netherlands,,Zeemire,"Langeraad, Jan van"
Netherlands,1792-02-15T00:00:00Z,Zeevrugt,"Post, Christiaan"
Netherlands,1778-08-24T00:00:00Z,Zorg,"Noordhoek, Johannes"
Netherlands,,Zorg,"Wilton, Jan"
Netherlands,,Den Leum,Winkstern
Netherlands,,Ter Vere,
Netherlands,,Posthoorn,
Netherlands,,Tonijn,
Netherlands,1645-03-15T00:00:00Z,Leeuwinne,
Netherlands,,Gulde Ree,
Netherlands,,Caritas,
Netherlands,,Grote Gerrit,
Netherlands,1644-06-24T00:00:00Z,Nieuw Enkhuizen,"Pomp, Dirk Gerritsz"
Netherlands,,Zwarte Arend,
Netherlands,,Leeuwinne,
Netherlands,,Zeelandia,"Christoffels, Jan"
Netherlands,,Utrecht,"Wouters, Hillebrandt"
Netherlands,,Noord Holland,"Jansen, Hermen"
Netherlands,,Leeuwinne,"Lucifer, Pieter"
Netherlands,1643-03-22T00:00:00Z,Zwarte Arend,"Cornelisz, Cornelis"
Netherlands,,Kameel,
Netherlands,,Kat,
Netherlands,,Nassau,"Burch, Hendrick van der"
Netherlands,,Gulde Ree,
Netherlands,,Matança,
Netherlands,,Ommelandia,
Netherlands,,Deventer,
Netherlands,,Leeuwinne,
Netherlands,,Zwarte Beer,
Netherlands,,Matança,
Netherlands,1641-12-10T00:00:00Z,Nassau,"Burch, Hendrick van der"
Netherlands,1641-05-30T00:00:00Z,Wapen van Delft,"Danser, Simon den"
Netherlands,,Zwarte Arend,"Cornelisz, Cornelis"
Netherlands,,Amersfoort,"Stockman, Pieter"
Netherlands,,Leeuwinne,
Netherlands,,Wapen van Delft,"Danser, Simon den"
Netherlands,,S Jan Baptist,
Netherlands,,Zwarte Arend,
Netherlands,,Caritas,"Wisse, Adriaan"
Netherlands,,Kameel,
Netherlands,,Bruinvis,
Netherlands,,Matança,
Netherlands,,Eendracht,
Netherlands,1639-12-16T00:00:00Z,S Pieter,
Netherlands,,Zeerobbe,
Netherlands,,Walcheren,
Netherlands,,Nassau,
Netherlands,,Eendracht,
Netherlands,,Leeuwinne,
Netherlands,,Eendracht,
Netherlands,,Nassau,
Netherlands,,Eendracht,
Netherlands,1638-01-27T00:00:00Z,Ter Tholen,
Netherlands,1638-01-27T00:00:00Z,Witte Leeuw,
Netherlands,,Halve Maan,
Netherlands,,Eendracht,
Netherlands,,Halve Maan,
Netherlands,,S Jan van Dort,
Netherlands,,Hoop,
Netherlands,,Kameel,
Netherlands,,Witte Paard,"Swart, Meijndert Lourensz"
Netherlands,,,"Duverne, Isaac"
Netherlands,,Orpheus,"Jochemsz, Albert"
Netherlands,,,
Netherlands,,S Michiel,
Netherlands,,S Pieter,
Netherlands,,Maagd van Enkhuizen,
Netherlands,,Mooriaan,"Hes, Jacob"
Netherlands,1643-08-12T00:00:00Z,Mooriaan,"Slijckman, Crijnsen"
Netherlands,1643-09-11T00:00:00Z,Walcheren,"Wouters, Bartolomeus"
Netherlands,1643-11-23T00:00:00Z,Grote Gerrit,
Netherlands,1643-12-06T00:00:00Z,Portier,
Netherlands,1643-12-08T00:00:00Z,Brak,
Netherlands,,Leiderdorp,"Jansz, Abraham"
Netherlands,1644-07-20T00:00:00Z,Goude Leeuw,
Netherlands,,Leiden,
Netherlands,,Utrecht,
Netherlands,,Soutelande,
Netherlands,,Overijsel,
Netherlands,1645-12-17T00:00:00Z,Heemstee,
Netherlands,1639-04-02T00:00:00Z,S Michiel,
Netherlands,,Leiden,"Clasen, Jan"
Netherlands,,Diemen,
Netherlands,,Hazewind,"Adriaanse, Adriaan (?)"
Netherlands,,Loanda,
Netherlands,,Haan,
Netherlands,,Henderson,
Netherlands,,Leiden,"Kock, Jan Claesz"
Netherlands,1642-01-24T00:00:00Z,Overijsel,"Langman, Claes Arentsen"
Netherlands,,Groningen,
Netherlands,,Eendracht,"Jansen, Matheus"
Netherlands,1642-09-17T00:00:00Z,Mauritius,
Netherlands,1642-09-17T00:00:00Z,Prinses,
Netherlands,,Grote Gerrit,"Rooper, Marcus Jansz"
Netherlands,,Wapen van Dort,
Netherlands,,Burcht van Coevorden,
Netherlands,,Regenboog,"Goes, Philip Adriaensz van der"
Netherlands,,Bruinvis,"Bruininck, Jacob Claesz"
Netherlands,,Brak,"Hermansz, Hermen"
Netherlands,1643-06-10T00:00:00Z,Graaf Henrick,"Donnel, Dirck Janssen"
Netherlands,1644-02-10T00:00:00Z,Liefde,
Netherlands,,Caritas,
Netherlands,,Hollandia,
Netherlands,,Overijsel,Jol
Netherlands,,Brak,"Hermansz, Hermen"
Netherlands,,Zwaan,
Netherlands,,Witte Hoop,
Netherlands,,Loanda,
Netherlands,,Brak,
Netherlands,,Overijsel,
Netherlands,,Rode Hert,
Netherlands,,Grote Gerrit,
Netherlands,,Caritas,
Netherlands,,Vlucht,
Netherlands,,Saijer,
Netherlands,,Fortuin,"Boer, Cornelis Jansz"
Netherlands,,,"Fidalo, Afonso"
Netherlands,,Liefde,"Juist, Cornelis Ewoutsz"
Netherlands,,Rode Leeuw,"Centen, Jan"
Netherlands,,Bontekoe,"Walichsz, Outgert"
Netherlands,,Gele Zon (a) Sol,"Spierdijk, Barend Claesz"
Netherlands,,Gele Zon (a) Sol,"Rodriguez, Enrique"
Netherlands,,Gele Zon (a) Sol,"Jansen, Bernabé"
Netherlands,1653-04-11T00:00:00Z,Gele Engel (a) Engel Gabriel,"Engel, Claes Jansz den (a) de Guijt"
Netherlands,1657-04-12T00:00:00Z,Zwarte Leeuw,"Hoorn, Jan Pietersz"
Netherlands,,S Pieter,"Dircksz, Jacob"
Netherlands,,S Pieter,"Alvares, Rodrigo"
Netherlands,,Witte Paert,"Spaens, Pieter Jacobsz"
Netherlands,1658-12-11T00:00:00Z,Moor,"Hendricksz, Dirk"
Netherlands,1657-04-17T00:00:00Z,Zwarte Dubbele Arend,"Pietersz, Claes"
Netherlands,,Fortuin,"Cornelisz, Govert"
Netherlands,1660-03-04T00:00:00Z,Grote Coer (a) Pietas,"Jacobsz, Arent"
Netherlands,1660-03-04T00:00:00Z,Grote Coer (a) Pietas,"Crava, Andries"
Netherlands,1659-02-17T00:00:00Z,Boodschap Maria,"Lonck, Pieter Cornelisz"
Netherlands,1659-02-17T00:00:00Z,S Franciscus,"Sem, Gerrit Jansz"
Netherlands,1660-05-17T00:00:00Z,S Jan,"Willemsz, Nicolaes"
Netherlands,1660-05-17T00:00:00Z,S Jan,"Zeeman, Pieter"
Netherlands,,Ridder S Joris,"Roem, Volkert Claasz"
Netherlands,,Ridder S Joris,"Backer, Claas Willemsz"
Netherlands,,Rebecca,"Vos, Andries Claesz"
Netherlands,,Zwarte Arend,"Straetjer, Jacob Jacobsz"
Netherlands,1659-12-20T00:00:00Z,Eikenboom,"Eikenboom, Jan Jansz"
Netherlands,1664-07-08T00:00:00Z,Liefde,"Berg, Jacob Jansen van de (a) Japon"
Netherlands,,Aletta,"Arel, Jan Jansz van"
Netherlands,,Goude Tijger,"Harmensz, Govert"
Netherlands,1668-07-27T00:00:00Z,Verstoorde Leeuw,"Cleijn, Evert Mathijsz"
Netherlands,,S Catharina,"Collomby, Anthony"
Netherlands,,S Catharina,"Clariz, Joseph"
Netherlands,,Europa,"Goijer, Adriaen Claesz"
Netherlands,,Europa,"Pieters, Neeltje"
Netherlands,,Vrede,"Anker, Cornelis van den"
Netherlands,,Hoop,"Meijndertse, Ide"
Netherlands,,Goede Verwachting,Croese
Netherlands,1803-05-13T00:00:00Z,Aurora,"Vliet, van"
Netherlands,1663-04-28T00:00:00Z,Wapen van Amsterdam,"Nuchteren, Jan Gerritsen"
Netherlands,1663-04-28T00:00:00Z,Wapen van Amsterdam,"Ridder, Paulus Heijn"
Netherlands,,Gideon,"Gilde, Sijmon Cornelisz"
Netherlands,,Vrijheid,
Netherlands,,,
Netherlands,,Witte Eenhoorn,"Sijmonsz, Pieter"
Netherlands,,Publicola,"Bel, Jacob van"
Netherlands,1676-10-28T00:00:00Z,Beurs van Amsterdam,
Netherlands,1677-02-16T00:00:00Z,Huis ter Laan,"Balck, Jan Jacobsz"
Netherlands,1677-02-16T00:00:00Z,Huis ter Laan,"Pietersz, Reijer"
Netherlands,,Constantia,"Turner, Ephraim"
Netherlands,,Africa,
Netherlands,,Noordstar,"Willemsz, Gerbrant"
Netherlands,,Noordstar,"Uijterwijk, Cornelis"
Netherlands,,Wapen van Zierikzee,"Willemsen, Marinus"
Netherlands,,Kasteel van Curaçao,"Jansz, Huijbert"
Netherlands,,Kasteel Delmina,"Schepmoes, Abraham"
Netherlands,1680-04-20T00:00:00Z,Aletta,"Jansz, Huijbert"
Netherlands,,Sphaera Mundi,"Metaleman, Willem"
Netherlands,1680-10-24T00:00:00Z,Moriaans Hoofd,"Bonte, Daniel de"
Netherlands,,Geertruid,"Star, Gerrit"
Netherlands,,Rebecca,
Netherlands,1680-08-22T00:00:00Z,Jupiter,"Mondt, Jochem Claasz"
Netherlands,,Rotterdam,
Netherlands,,Isabella,"Thomasz, Frederick"
Netherlands,1681-01-21T00:00:00Z,Koopman,
Netherlands,,Eendracht,"Arel, Jan van"
Netherlands,,Wildeman,"Hoven, Frederik Frederiksz van"
Netherlands,,Elisabeth,"Domer, Claas Pietersz"
Netherlands,1681-02-28T00:00:00Z,S Jan Baptist,"Broers, Hendrik"
Netherlands,,Ruiter,"Graf, Jan Sijmensz van"
Netherlands,,S Pieter,
Netherlands,,Europa,"Roelofsz, Laurens"
Netherlands,,Gideon,"Fles, Lucas van der"
Netherlands,,Geertruid,"Star, Gerrit"
Netherlands,,Geertruid,"Krijgsman, Hendrick Jansz"
Netherlands,,Wapen van Zierikzee,"Ens, Jacob Jansen"
Netherlands,,Huis Nassau,
Netherlands,,Elisabeth,"Stolck, Arent Gijsen van der"
Netherlands,,Poelwijk,
Netherlands,,S Pieter,"Blom, Andries"
Netherlands,,Hester,"Visser, Jacob Corsz"
Netherlands,,Parel,"Kock, Dirck Willemsz"
Netherlands,,Hollandse Tuin,"Wiltschut, Thomas"
Netherlands,,S Pieter,"Verver, Cornelis"
Netherlands,,Africa,"Thomasz, Frederick"
Netherlands,,S Jan,"Stolck, Arent Gijsen van der"
Netherlands,,Prins Wapen,"Keuvel, Steven"
Netherlands,,Goude Leeuw,
Netherlands,,Parel,"Langhman, Nicolaes"
Netherlands,,Vrije Zee,"Adriaansz, Wijloff"
Netherlands,,Elmina,"Gerritsz, Jan"
Netherlands,,Pijnenburg,"Schepmoes, Abraham"
Netherlands,,Vliegende Faam,"Dijk, Leendert Joosten van"
Netherlands,,Eva Maria,"Kagias, Nanningh"
Netherlands,,Rachel,"IJpersz, Doede"
Netherlands,,Kroonvogel,"Bot, Pieter Jansz"
Netherlands,1698-11-12T00:00:00Z,Postillion,"Thomasz, Frederick"
Netherlands,,Pijnenburg,
Netherlands,,Rachel,"Roem, Sijmon Jaspersz"
Netherlands,,Margarita Catharina,"Knoppeldoeck, Jacob Pietersz"
Netherlands,,Emmenes,"Belle, Pieter"
Netherlands,,Emmenes,"Sitter, Jan de"
Netherlands,,Meijnden,"Louw, Claas Cornelis"
Netherlands,,Tijger,"Sas, Jurriaan"
Netherlands,,Fruitberg,"Goons, Hendrik"
Netherlands,,'s-Graveland,"Parre, Adriaan van der"
Netherlands,,Groot Bentvelt,"Houthuijs, Dirk"
Netherlands,1735-01-03T00:00:00Z,Steenhuizen,"Graan, Andries"
Netherlands,1672-01-27T00:00:00Z,America,"Harder, Hendrik de"
Netherlands,,America,"Graef, Jacob Aldertsz"
Netherlands,,Graaf van Buren,
Netherlands,,Margareta en Christina,
Netherlands,,Prinses Carolina,
Netherlands,,Graaf van Buren,
Netherlands,,Surinaams Welvaren,
Netherlands,,Rebecca,"Vertolen, Andries Cornelis"
Netherlands,,Maria,"Turner, Ephraim"
Netherlands,,Europa,"Mondt, Jochem Claasz"
Netherlands,,Koningin Hester,"Oldenburg, Dirck Jansz van"
Netherlands,,S Maria,"Buijsman, Marten Claesz"
Netherlands,,S Jan Baptist,"Lens, Christoffel"
Netherlands,,Hoop,"Harder, Hendrik de"
Netherlands,,Vergulde Zon,"Stoffelsen, Willem Jan"
Netherlands,,Jonge Prins Willem,"Moor, Gijsbert de"
Netherlands,,S Catharina,"Lens, Christoffel"
Netherlands,,S Franciscus,"Anker, Cornelis van den"
Netherlands,1670-05-07T00:00:00Z,Huis ter Laan,"Aggesz, Cornelis"
Netherlands,,Verstoorde Leeuw,"Cleijn, Evert Mathijsz"
Netherlands,,Visser,"Kempsen, Frans"
Netherlands,,Phenix,"Verwer, Reijer Pietersen"
Netherlands,,Jupiter,"Voogt, Barent Harmensz"
Netherlands,1664-01-06T00:00:00Z,Gekroonde Bril,"Victol, Cornelis Cornelisz"
Netherlands,,Land van Belofte,
Netherlands,,Drie Koningen,"Kerckhove, Melchior van den"
Netherlands,,Drie Koningen,"Veken, Johan van der"
Netherlands,,,
Netherlands,,Overwinning van Rijssel,Vele
Netherlands,,,"Sijmonsz, Dirck"
Netherlands,,Sloterdijk,
Netherlands,1645-02-01T00:00:00Z,Haarlem,"Hoen, Sijmen"
Netherlands,1646-02-12T00:00:00Z,Eendracht van Amsterdam,"Bottelier, Jan Teunissen"
Netherlands,1646-02-12T00:00:00Z,Eendracht van Amsterdam,"Janssen, Barent"
Netherlands,1646-02-12T00:00:00Z,Eendracht van Enkhuizen,"Schuyt, Cornelys"
Netherlands,,Samaritain,"Neel, Matys"
Netherlands,,Samaritain,"Burch, Hendrik van den"
Netherlands,,Jonge Samaritaen,"Telier, Jan"
Netherlands,,Vredenburg,"Backer, Joris Gerritsz"
Netherlands,,S Pieter,"Kimmel, Simon Sandersz"
Netherlands,,Hoop,"Meijndertse, Ide"
Netherlands,,Brak,"Speldernuen, Jan Jacobsz"
Netherlands,1672-01-22T00:00:00Z,Margareta,"Breehaan, Hendrick"
Netherlands,1672-01-22T00:00:00Z,Margareta,"Pietersen, Andries"
Netherlands,,S Maria,"Schrael, Jan Jansz"
Netherlands,1659-02-17T00:00:00Z,Vergulde Zalm,"Dijck, Gerrit Jansz van"
Netherlands,1661-04-06T00:00:00Z,Coninck Salomon,"Vertolen, Andries Cornelis"
Netherlands,1671-07-03T00:00:00Z,Rebecca,"Vertolen, Andries Cornelis"
Netherlands,,Jonge Prins van Oranje,"Schaap, Isaac Gerritse"
Netherlands,,Jonge Prins van Oranje,"Dircksz, Sijmon"
Netherlands,,Jupiter,"Graaf, Jacob Alberts"
Netherlands,1670-10-20T00:00:00Z,Hoop,"Meijndertse, Ide"
Netherlands,,,
Netherlands,1713-06-24T00:00:00Z,Acredam,"Sas, Jurriaan"
Netherlands,1713-06-24T00:00:00Z,Acredam,"Schalkendam, Andries"
Netherlands,1715-09-19T00:00:00Z,Acredam,"Grootschaar, Pieter"
Netherlands,1717-10-07T00:00:00Z,Acredam,"Louw, Claas Cornelis"
Netherlands,,Acredam,"Teijl, Jacob"
Netherlands,1721-04-01T00:00:00Z,Acredam,"Hagerop, Rijk"
Netherlands,1721-04-01T00:00:00Z,Acredam,"Ras, Pieter"
Netherlands,,Acredam,"Kreeft, Benjamin"
Netherlands,1725-05-10T00:00:00Z,Acredam,"Parre, Adriaan van der"
Netherlands,,Acredam,"Lindenberg, Jurriaan"
Netherlands,,Adrichem,"Storck, Pieter Teunisz"
Netherlands,,Adrichem,"Bruijn, Jacob"
Netherlands,,Adrichem,"Decker, Claas"
Netherlands,,Adrichem,"Hoeven, Jan van der"
Netherlands,1712-01-23T00:00:00Z,Adrichem,"Weteringhe, Cornelis van der"
Netherlands,1715-04-02T00:00:00Z,Adrichem,"Weteringhe, Cornelis van der"
Netherlands,1715-04-02T00:00:00Z,Adrichem,"Goedhals, Pieter"
Netherlands,1717-02-06T00:00:00Z,Adrichem,"Goedhals, Pieter"
Netherlands,1718-11-16T00:00:00Z,Adrichem,"Goedhals, Pieter"
Netherlands,,Adrichem,"Oversluijs, Pieter"
Netherlands,1675-12-12T00:00:00Z,Africa,"Pietersz, Reijer"
Netherlands,1675-12-12T00:00:00Z,Africa,"Carstensen, Claas"
Netherlands,1679-10-17T00:00:00Z,Africa,"Stolck, Arent Gijsen van der"
Netherlands,,Africa,"Thomasz, Frederick"
Netherlands,1710-03-15T00:00:00Z,Africa (a) S José,"Roos, Pieter"
Netherlands,1714-12-20T00:00:00Z,Agatha,"Broun, Jacob"
Netherlands,1717-01-19T00:00:00Z,Agatha,"Broun, Jacob"
Netherlands,,Aletta Maria,"Arel, Jan van"
Netherlands,1685-10-03T00:00:00Z,Alida,"Balck, Jan Jacobsz"
Netherlands,1706-06-20T00:00:00Z,Stad Amsterdam,"Storck, Pieter Teunisz"
Netherlands,1707-10-18T00:00:00Z,Stad Amsterdam,"Sas, Jurriaan"
Netherlands,1710-01-13T00:00:00Z,Stadt Amsterdam,"Sas, Jurriaan"
Netherlands,,Stad Amsterdam,"Brouwer, Sipke Egberts"
Netherlands,1724-06-22T00:00:00Z,Amsterdam,"Bouman, Cornelis"
Netherlands,1726-04-27T00:00:00Z,Amsterdam,"Hoop, Joost"
Netherlands,,Amsterdam,"Bruijn, Jan Harmensz"
Netherlands,1732-06-08T00:00:00Z,Amsterdam,"Vlugt, Jan"
Netherlands,1700-06-22T00:00:00Z,Annaboa,"Roem, Jan Sijmonsz"
Netherlands,,Apolonia (a) Christina,"Boogaart, Mathijs"
Netherlands,,Apolonia (a) Christina,"Willemsen, Marinus"
Netherlands,1691-11-24T00:00:00Z,Arent,"Huijgen, Abraham"
Netherlands,1710-07-10T00:00:00Z,Axim,"Jacobsz, Pieter"
Netherlands,,Bekestein,"Wolf, Dirk de"
Netherlands,,Bekestein,"Wolf, Dirk de"
Netherlands,,Bekestein,"Parre, Adriaan van der"
Netherlands,1726-05-29T00:00:00Z,Bekestein,"Bas, Jacob"
Netherlands,1726-05-29T00:00:00Z,Bekestein,"Jensen, Jacob"
Netherlands,1728-10-30T00:00:00Z,Bekestein,"Mooylieves, Cornelis"
Netherlands,1731-02-18T00:00:00Z,Bekestein,"Graan, Andries"
Netherlands,,Bekestein,"Bruijn, Jan Harmensz"
Netherlands,1735-12-15T00:00:00Z,Bekestein,"Snoek, Isaak"
Netherlands,1700-08-07T00:00:00Z,Beschermer,"Valies, Thomas Jansz"
Netherlands,,Beschermer,"Valies, Thomas Jansz"
Netherlands,1735-11-05T00:00:00Z,Beschutter,"Veltz, Christiaan"
Netherlands,1738-12-25T00:00:00Z,Beschutter,"Baarspul, Theunis"
Netherlands,1738-12-25T00:00:00Z,Beschutter,"Groot, Michiel de"
Netherlands,1702-08-01T00:00:00Z,Beurs van Amsterdam,"Roem, Sijmon Jaspersz"
Netherlands,,Beurs van Amsterdam,"Jansz, Leendert"
Netherlands,1706-08-15T00:00:00Z,Beurs van Amsterdam,"Geffen, Arent van"
Netherlands,1691-04-19T00:00:00Z,Beurs van Amsterdam,"Oole, Remeus"
Netherlands,1709-04-08T00:00:00Z,Bleijswijk,"Saanen, Jan van"
Netherlands,,Bosbeek,"Hagerop, Rijk"
Netherlands,1715-09-11T00:00:00Z,Bosbeek,"Hagerop, Rijk"
Netherlands,,Bosbeek,
Netherlands,1718-08-13T00:00:00Z,Bosbeek,"Reijnders, Salomon"
Netherlands,1718-08-13T00:00:00Z,Bosbeek,"Rosiers, Willem"
Netherlands,,Brandenburg,"Steenhart, Arnout"
Netherlands,1730-01-28T00:00:00Z,Brandenburg,"Blok, Frans"
Netherlands,1730-01-28T00:00:00Z,Brandenburg,"Smidt, Hendrick"
Netherlands,1730-01-28T00:00:00Z,Brandenburg,"Hierschot, Reijnier van"
Netherlands,1732-12-14T00:00:00Z,Brandenburg,"Boone, Cornelis"
Netherlands,1699-07-21T00:00:00Z,Brandenburg,"Fret, Frans"
Netherlands,1699-07-21T00:00:00Z,Brandenburg,"Elink, Pieter"
Netherlands,,Brigdamme,"Pets, Daniel"
Netherlands,,Carolus Secundus,"Crans, Pieter"
Netherlands,1710-10-05T00:00:00Z,Carolus Secundus,"Broun, Jacob"
Netherlands,1676-07-27T00:00:00Z,Kasteel van Curaçao,"Jansz, Huijbert"
Netherlands,,Kasteel Delmina,"Parera, Steven van"
Netherlands,1708-09-19T00:00:00Z,Kasteel Delmina,"Zeerat, Thomas Jansz"
Netherlands,1708-09-19T00:00:00Z,Kasteel Delmina,"Gerritsz, Jan"
Netherlands,,Kasteel Souburg,"Wijnantsen, Adriaan"
Netherlands,,Catharina,"Stolck, Arent Gijsen van der"
Netherlands,1706-12-31T00:00:00Z,Catharina Christina,"Kist, Jan Claasz"
Netherlands,,Catharina Christina,"Boes, Cornelis"
Netherlands,,Christina,"Kist, Jan Claasz"
Netherlands,1705-10-25T00:00:00Z,Christina,"Valies, Thomas Jansz"
Netherlands,,Christina,"Claver, Jan Claasz"
Netherlands,1685-07-04T00:00:00Z,Keurvorst van Brandenburg,"Smidt, Hendrick B"
Netherlands,1685-07-04T00:00:00Z,Keurvorst van Brandenburg,"Claassen, Herman"
Netherlands,1685-07-04T00:00:00Z,Keurvorst van Brandenburg,"Swaan, Adriaan"
Netherlands,,Keurvorst van Brandenburgh,"Klinkert, Adriaan"
Netherlands,,Clara,"Visser, Jacob Corsz"
Netherlands,,Compagnies Welvaren,"Kennis, Adriaan"
Netherlands,,Koning David,
Netherlands,1707-07-24T00:00:00Z,Koning van Portugal,"Coster, Sijmon"
Netherlands,,Hester,"Jansen, Jochem"
Netherlands,,Hester,"Harder, Job J van"
Netherlands,,Hester,"Spanjaart, Sijbrant"
Netherlands,1714-05-26T00:00:00Z,Koningin Hester,"Stolck, Arent Gijsen van der"
Netherlands,1714-05-26T00:00:00Z,Koningin Hester,"Bie, Jacob de"
Netherlands,1688-12-05T00:00:00Z,Fort Amsterdam tot Cormantijn,"Schepmoes, Abraham"
Netherlands,1688-12-05T00:00:00Z,Fort Amsterdam tot Cormantijn,"Korf, Laurens Damesz"
Netherlands,1686-12-08T00:00:00Z,Fort Amsterdam tot Cormantijn,"Eijck, Michiel Joosten van"
Netherlands,1676-01-14T00:00:00Z,Cornelia,
Netherlands,,Kroonvogel,"Schepmoes, Abraham"
Netherlands,,Kroonvogel,"Pets, Pieter"
Netherlands,,Kroonvogel,"Dullaart, Huygh"
Netherlands,,Kroonvogel,"Visser, Jacob Corsz"
Netherlands,,Kroonvogel,"Stuart, Hans"
Netherlands,1700-10-21T00:00:00Z,Kroonvogel,"Bot, Pieter"
Netherlands,,Debora Amarentia,"Stolck, Arent Gijsen van der"
Netherlands,,Delft,"Bolder, Christiaan"
Netherlands,1733-11-08T00:00:00Z,Delft,"Brouwer, Jan"
Netherlands,1736-07-13T00:00:00Z,Delft,"Brouwer, Jan"
Netherlands,,Dolfijn,"Bogaert, Mathijs"
Netherlands,1678-03-12T00:00:00Z,Dolfijn,"Balck, Jan Jacobsz"
Netherlands,,Duinbeek,"Walle, Andries"
Netherlands,,Duinenburg,"Weteringhe, Cornelis van der"
Netherlands,,Duinenburg,"Weteringhe, Cornelis van der"
Netherlands,1705-08-26T00:00:00Z,Duinenburg,"Weteringhe, Cornelis van der"
Netherlands,,Duinenburg,"Weteringhe, Cornelis van der"
Netherlands,1721-07-20T00:00:00Z,Duinvliet,"Rijkx, Cent"
Netherlands,1723-05-01T00:00:00Z,Duinvliet,"Geleijnse, Pieter"
Netherlands,,Duinvliet,"Lambregts, Andries"
Netherlands,1726-03-24T00:00:00Z,Duinvliet,"Maas, Sijmon"
Netherlands,1732-01-26T00:00:00Z,Duinvliet,"Ovens, Simon"
Netherlands,1733-09-21T00:00:00Z,Duinvliet,"Leek, Claas Jansen"
Netherlands,1735-08-22T00:00:00Z,Duinvliet,"Leek, Claas Jansen"
Netherlands,1737-06-30T00:00:00Z,Duinvliet,"Walraven, Cornelis"
Netherlands,1675-10-26T00:00:00Z,Eendracht,"Turner, Ephraim"
Netherlands,,Eendracht,"Arel, Jan van"
Netherlands,,Eendracht,"Domer, Claas Pietersz"
Netherlands,,Eendracht,"Rijk, Willem Robbertsz"
Netherlands,,S George Delmina,"Roos, Roelof"
Netherlands,1715-03-09T00:00:00Z,Emmenes,"Louw, Claas Cornelis"
Netherlands,1717-11-23T00:00:00Z,Emmenes,"Sitter, Jan de"
Netherlands,1717-11-23T00:00:00Z,Emmenes,"Belle, Pieter"
Netherlands,,Emmenes,"Saanen, Jan van"
Netherlands,,Emmenes,"Valk, Pieter Sijmonsz"
Netherlands,,Emmenes,"Horst, Hendrik ter"
Netherlands,,Emmenes,"Haan, Gerrit de"
Netherlands,1725-07-31T00:00:00Z,Emmenes,"Nijgh, Leendert"
Netherlands,1716-09-30T00:00:00Z,Engelenburg,"Lambregts, Andries"
Netherlands,1716-09-30T00:00:00Z,Engelenburg,"Bruijn"
Netherlands,1678-04-30T00:00:00Z,Europa,"Claasz, Jochem"
Netherlands,,Europa,"Stolck, Arent Gijsen van der"
Netherlands,1687-10-30T00:00:00Z,Europa,"Brasser, Matthijs Laurensz"
Netherlands,,Europa,"Pets, Daniel"
Netherlands,,Eva Maria,"Kagias, Nanningh"
Netherlands,1698-07-28T00:00:00Z,Eva Maria,"Rijcken, Simon"
Netherlands,1698-07-28T00:00:00Z,Eva Maria,"Knoppeldoeck, Jacob Pietersz"
Netherlands,,Eva Maria,"Kagias, Nanningh"
Netherlands,1725-12-22T00:00:00Z,Eva Suzanna,"Welsingh, Hendrik"
Netherlands,1700-10-17T00:00:00Z,Faam,"Winterman, Antonij"
Netherlands,1715-12-14T00:00:00Z,Fida,"Leijm, Lodewijk van der"
Netherlands,,Fortuin,"Volle, Jacob"
Netherlands,,Fortuin,"Lierman, Ewout"
Netherlands,1722-04-30T00:00:00Z,Geertruid Galei,"Kreeft, Benjamin"
Netherlands,1684-12-05T00:00:00Z,Geertruid,"Mol, Gerrit Cornelis"
Netherlands,1716-04-12T00:00:00Z,Gelderland,"Goed, Jan Pietersz"
Netherlands,,Gele Ruiter,
Netherlands,,Gele Ruiter,
Netherlands,1691-02-08T00:00:00Z,Gele Ruiter,"Coster, Sijmon"
Netherlands,,Gideon,"Kock, Dirk Barents"
Netherlands,1688-08-14T00:00:00Z,Gideon,"Veltkamp, Jan Hendicksz"
Netherlands,1698-08-22T00:00:00Z,Gideon,"Dam, Herman van"
Netherlands,1698-08-22T00:00:00Z,Gideon,"Kock, Dirck"
Netherlands,,Gideon,"Kock, Dirk Barents"
Netherlands,,Goude Brakhond,"Hit, Cornelis van"
Netherlands,1684-11-25T00:00:00Z,Goude Leeuw,"Hoven, Frederik Frederiksz van"
Netherlands,,Goude Leeuw,"Eijck, Michiel Joosten van"
Netherlands,,Goude Poort,"Bodt, Pieter Jansz"
Netherlands,,Goude Poort,"Raes, Claes"
Netherlands,,Goude Put,"Kreeft, Benjamin"
Netherlands,1727-01-06T00:00:00Z,Goude Put,"Kreeft, Benjamin"
Netherlands,1729-11-17T00:00:00Z,Goude Put,"Kreeft, Benjamin"
Netherlands,1731-12-24T00:00:00Z,Goude Put,"Kreeft, Benjamin"
Netherlands,1734-10-09T00:00:00Z,Goude Put,"Kreeft, Benjamin"
Netherlands,1736-08-20T00:00:00Z,Goude Put,"Boone, Cornelis"
Netherlands,1736-08-20T00:00:00Z,Goude Put,"Swaan, Adriaan"
Netherlands,,Goude Put,"Nebbens, Jasper"
Netherlands,1685-07-24T00:00:00Z,Goude Tijger,"Turner, Ephraim"
Netherlands,,Goude Tijger,"Pets, Daniel"
Netherlands,1700-05-31T00:00:00Z,Graaf van Laarwijk (a) Conde de Vique,"Moij, Marten Simonsz"
Netherlands,1700-05-31T00:00:00Z,Graaf van Laarwijk (a) Conde de Vique,"Stolck, Cornelis Gijsen van der"
Netherlands,,Griffioen,"Lens, Christoffel"
Netherlands,1728-06-19T00:00:00Z,Groot Bentvelt,"Graan, Andries"
Netherlands,1699-05-21T00:00:00Z,Grote Apollo,"Napels, Arent Hendriksz"
Netherlands,1705-08-26T00:00:00Z,Grote Tijger,"Sas, Jurriaan"
Netherlands,1705-08-26T00:00:00Z,Grote Tijger,"Valies, Thomas Jansz"
Netherlands,1681-11-04T00:00:00Z,Grote Africaan,"Remmersz, Gerrit"
Netherlands,1683-04-01T00:00:00Z,Grote Africaan,"Warwijk, Jan"
Netherlands,,Grote Africaan,"Leeck, Mecke Dricksz van"
Netherlands,1714-10-09T00:00:00Z,Gunterstein,"Saanen, Jan van"
Netherlands,,Gunterstein,"Kennis, Adriaan"
Netherlands,1718-08-05T00:00:00Z,Gunterstein,"Heijm, Jan van der"
Netherlands,1718-08-05T00:00:00Z,Gunterstein,"Seegers, Huibert Assueris van"
Netherlands,1720-08-15T00:00:00Z,Gunterstein,"Seegers, Huibert Assueris van"
Netherlands,1720-08-15T00:00:00Z,Gunterstein,"Zegert, Hans van"
Netherlands,,Gunterstein,"Hoogendam, Jan"
Netherlands,,Gunterstein,"Blom, Nicolaas"
Netherlands,1728-01-31T00:00:00Z,S João Batista e Almas (a) Helena,"Farto, José Ramalho"
Netherlands,1728-01-31T00:00:00Z,S João Batista e Almas (a) Helena,"Phelan, Edmund"
Netherlands,1728-01-31T00:00:00Z,S João Batista e Almas (a) Helena,"Booms, Anthony"
Netherlands,1735-06-16T00:00:00Z,Helena,"Baarspul, Theunis"
Netherlands,,Henricus,"Claver, Jan Claasz"
Netherlands,1687-04-03T00:00:00Z,Hollandia,"Schepmoes, Abraham"
Netherlands,1711-08-20T00:00:00Z,Honard,"Verhoeven, Jacob"
Netherlands,1680-03-14T00:00:00Z,Huis Nassau,"Vos, Harmen Claesz de"
Netherlands,1686-07-10T00:00:00Z,Huis te Loirheim,"Scheij, Pieter"
Netherlands,1675-10-26T00:00:00Z,Huis ter Laan,"Balck, Jan Jacobsz"
Netherlands,1699-08-25T00:00:00Z,Jager,"Daal, Juriaan"
Netherlands,1699-08-25T00:00:00Z,Jager,"Geelboom, Jan"
Netherlands,,Jager,"Laa, D de"
Netherlands,,Jager,"Genegten, Nicolaas v/d"
Netherlands,,Johanna Maria,"Keuvel, Steven"
Netherlands,,Johanna Machteld,"Kist, Jan Claasz"
Netherlands,,Johanna Machteld,"Grootschaar, Pieter"
Netherlands,,Johannes de Doper (a) S Jan Baptist,"Rijk, Willem Robbertsz"
Netherlands,,Johannes de Doper (a) S Jan Baptist,"Valies, Thomas Jansz"
Netherlands,1731-07-07T00:00:00Z,Jonge Daniel,"Port, Gerrit van der"
Netherlands,1734-02-12T00:00:00Z,Jonge Daniel,"Port, Gerrit van der"
Netherlands,1735-12-24T00:00:00Z,Jonge Daniel,"Port, Gerrit van der"
Netherlands,1738-09-17T00:00:00Z,Jonge Daniel,"Swaan, Adriaan"
Netherlands,,Jonge Jager,"Beeck, Simon Jansz ter"
Netherlands,,Jonge Willem,"Tromp, Jacob"
Netherlands,1706-12-24T00:00:00Z,Justitia,"Marcusz, Daniel"
Netherlands,1708-06-16T00:00:00Z,Justitia,"Marcusz, Daniel"
Netherlands,,Koning Salomon,"Goes, Willem Jansen"
Netherlands,,Koning Salomon,"Someren, Dirck Jorisz van"
Netherlands,1686-06-16T00:00:00Z,Koning Salomon,"Dijk, Leendert Joosten van"
Netherlands,1686-06-16T00:00:00Z,Koning Salomon,"Goes, Willem Jansen"
Netherlands,,Porto Prince (a) Korte Prins,"Gibson, Willem"
Netherlands,,Leusden,"Thijl, Jacob"
Netherlands,,Leusden,"Schamp, Jan"
Netherlands,1722-07-04T00:00:00Z,Leusden,"Ras, Pieter"
Netherlands,1724-03-12T00:00:00Z,Leusden,"Ras, Pieter"
Netherlands,1725-11-01T00:00:00Z,Leusden,"Schamp, Jan"
Netherlands,,Leusden,"Schamp, Jan"
Netherlands,1729-09-01T00:00:00Z,Leusden,"Outjes, Jochem"
Netherlands,1729-09-01T00:00:00Z,Leusden,"Ovens, Simon"
Netherlands,1731-06-13T00:00:00Z,Leusden,"Harmensz, Bruijn"
Netherlands,1733-03-25T00:00:00Z,Leusden,"Graan, Andries"
Netherlands,1735-08-29T00:00:00Z,Leusden,"Velde, Daniel te"
Netherlands,1737-11-19T00:00:00Z,Leusden,"Lodewijksz, Lodewijk"
Netherlands,1737-11-19T00:00:00Z,Leusden,"Outjes, Jochem"
Netherlands,,Levant,"Jansen, Gabriel"
Netherlands,,Margarita Catherina,"Knoppeldoeck, Jacob Pietersz"
Netherlands,1734-04-15T00:00:00Z,Maria,"Veltz, Christiaan"
Netherlands,1681-02-28T00:00:00Z,Mercurius,"Turner, Ephraim"
Netherlands,,Middelburg,"Bot, Pieter Jansz"
Netherlands,1690-12-22T00:00:00Z,Morgenstar,"Visser, Jacob Corsz"
Netherlands,1706-09-16T00:00:00Z,Stad Moskou,"Dam, Herman van"
Netherlands,1706-09-16T00:00:00Z,Stad Moskou,"Dorp, Jacob Pietersz"
Netherlands,1710-10-15T00:00:00Z,Stad Moskou,
Netherlands,,Nieuwe Post,"Zeerat, Thomas van"
Netherlands,,Nieuwe Post,"Leijm, Lodewijk van der"
Netherlands,1682-12-21T00:00:00Z,Oranjeboom,
Netherlands,1722-07-06T00:00:00Z,Petronella Alida,"Lit, IJf Jansz van"
Netherlands,,Phenix,"Vallé, Jacob"
Netherlands,,Phenix,"Vallé, Jacob"
Netherlands,1728-10-15T00:00:00Z,Phenix,"Vallé, Jacob"
Netherlands,1707-02-28T00:00:00Z,Phillipus Johannes,"Leijm, Lodewijk van der"
Netherlands,,Poelwijk,
Netherlands,1678-11-25T00:00:00Z,Poelwijk,"Bonte, Daniel de"
Netherlands,,Poelwijk,"Ens, Jacob Jansen"
Netherlands,1683-05-15T00:00:00Z,Poelwijk,"Banckert, Joost"
Netherlands,,Poelwijk,"Goons, Andries"
Netherlands,1687-01-31T00:00:00Z,Portugaalse Koopman,"Veltkamp, Jan Hendricksz"
Netherlands,,Postillion,"Langhman, Nicolaes"
Netherlands,,Prins Willem,"Bonte, Daniel de"
Netherlands,1685-10-04T00:00:00Z,Profeet Daniel,"Scot, Juan"
Netherlands,,Profeet Daniel,
Netherlands,,Pijnenburg,"Schepmoes, Abraham"
Netherlands,1698-08-15T00:00:00Z,Pijnenburg,"Valies, Thomas Jansz"
Netherlands,,Pijnenburg,"Winterman, Antonij"
Netherlands,1705-10-04T00:00:00Z,Pijnenburg,"Leeuwen, Dirk van"
Netherlands,,Quinera,"Kock, Dirk Barents"
Netherlands,1701-05-26T00:00:00Z,Quinera,"Eijck, Michiel Joosten van"
Netherlands,,Quinera,"Ditmarsen, Christiaan Sijmensz van"
Netherlands,,Quinera,"Geffen, Arent van"
Netherlands,1706-03-23T00:00:00Z,Quinera,"Reijniersz, Wouter"
Netherlands,1709-02-10T00:00:00Z,Quinera,"Geffen, Arent van"
Netherlands,,Rachel,"Hincke, Pieter Gijsbertsz"
Netherlands,,Rachel,"Hincke, Pieter Gijsbertsz"
Netherlands,,Rachel,"Eijck, Michiel Joosten van"
Netherlands,1699-04-04T00:00:00Z,Rachel,"Eijck, Michiel Joosten van"
Netherlands,,Rachel,"Prop, Pieter"
Netherlands,,Rachel,"Visser, Jacob Corsz"
Netherlands,,Rode Leeuw (a) Johanna,"Tange, Antheunis"
Netherlands,,Roomse Keizer,"Martensz, Andries"
Netherlands,,Roomse Keizer,"Visser, Jacob Corsz"
Netherlands,,Roomse Keizer,"Rijk, Willem Robbertsz"
Netherlands,,Rosenburg (a) Rosenborg,"Muller, Erasmus"
Netherlands,,Rotterdam,"Claessen, Harmen"
Netherlands,,Rotterdam,"Egmont, Jan Cornelisz van"
Netherlands,,Rotterdam,"Leeuw, Mathijs van der"
Netherlands,1685-11-08T00:00:00Z,Rotterdam,"Vos, Harmen Claesz de"
Netherlands,,Rusthof,"Forsburg, Jan"
Netherlands,,Rusthof,"Brest, Jan"
Netherlands,,Rusthof,"Wassenaer, Hendrik"
Netherlands,,Rusthof,"Barnaer, Hendrik"
Netherlands,,Rusthof,"Schouwenburg, Jean"
Netherlands,,Rusthof,"Lankvelt, Francois van"
Netherlands,,Rusthof,"Boone, Cornelis"
Netherlands,1733-11-21T00:00:00Z,Rusthof,"Bovenmans, Anthony"
Netherlands,1733-11-21T00:00:00Z,Rusthof,"Theunissen, Willem"
Netherlands,,Salamander,"Dijck, Gerrit Jansz van"
Netherlands,,Salamander,"Groenewolt, Thomas"
Netherlands,,Salamander,"Doelen, Claas"
Netherlands,1688-07-20T00:00:00Z,Samaritaan,"Willemsen, Marinus"
Netherlands,,Sara,"Dronker, Jan"
Netherlands,1688-01-22T00:00:00Z,Sara en Maria,"Coster, Sijmon Sijmonsz"
Netherlands,,Sem Galei,"Blom, Sijmon"
Netherlands,,Sem Galei,"Andriesse, Jan"
Netherlands,,Zeven Gebroeders,
Netherlands,1701-07-20T00:00:00Z,Vergulde Zon,"Salant, Hans Stuart van"
Netherlands,1701-07-20T00:00:00Z,Vergulde Zon,"Sijmonsz, Christiaen"
Netherlands,1703-08-25T00:00:00Z,Vergulde Zon,"Visser, Jacob Corsz"
Netherlands,1703-08-25T00:00:00Z,Vergulde Zon,"Bleeker, Samuel"
Netherlands,,Vergulde Zon,"Strijd, Jan Jorisz"
Netherlands,1707-09-02T00:00:00Z,Vergulde Zon,"Verhoeven, Jacob"
Netherlands,1707-09-02T00:00:00Z,Vergulde Zon,"Schot, Adriaan"
Netherlands,,Zonnestein,"Croon, Willem"
Netherlands,,Zonnestein,"Michielse, Jacob"
Netherlands,,Zonnestein,"Pronk, Hans"
Netherlands,1724-09-03T00:00:00Z,Zonnestein,"Roos, Roelof"
Netherlands,1726-03-07T00:00:00Z,Zonnestein,"Gewelt, Jan Pietersz"
Netherlands,1716-03-08T00:00:00Z,S Andries,"Heijm, Jan van der"
Netherlands,,S Andries,"Heijm, Jan van der"
Netherlands,,S Clara,"Claassen, Herman"
Netherlands,,S Clara,"Strijd, Jan Jorisz"
Netherlands,1710-08-03T00:00:00Z,S Clara,"Geffen, Arent van"
Netherlands,1710-08-03T00:00:00Z,S Clara,"Caagman, Claas"
Netherlands,1712-09-02T00:00:00Z,S Clara,"Strijd, Jan Jorisz"
Netherlands,,S Clara,"Vos, Harmen Claesz de"
Netherlands,,S Clara,"Moij, Cornelis"
Netherlands,,S Francisco Xavier,"Vos, Jacob Lente"
Netherlands,1681-02-28T00:00:00Z,S Jan,"Pietersz, Reijer"
Netherlands,,S Jan,"Schepmoes, Abraham"
Netherlands,,S Jan,"Stolck, Arent Gijsen van der"
Netherlands,,S Jan,"Jansz, Huijbert"
Netherlands,1734-04-15T00:00:00Z,S Laurens,"Ovens, Simon"
Netherlands,1736-02-14T00:00:00Z,S Laurens,"Verdoes, Bastiaan"
Netherlands,1713-11-21T00:00:00Z,S Marcus,"Hoeven, Jan van der"
Netherlands,1680-07-25T00:00:00Z,S Pieter,"Gerritsz, Jan"
Netherlands,1727-05-16T00:00:00Z,Stad en Lande,"Haan, Gerrit de"
Netherlands,1729-05-27T00:00:00Z,Stad en Lande,"Haan, Gerrit de"
Netherlands,1732-04-28T00:00:00Z,Stad en Lande,"Mooylieves, Cornelis"
Netherlands,1735-02-17T00:00:00Z,Stad en Lande,"Vlugt, Jan"
Netherlands,1735-02-17T00:00:00Z,Stad en Lande,"Smidt, Jan"
Netherlands,1737-04-28T00:00:00Z,Stad en Lande,"Berg, Daniel"
Netherlands,,Stadhouder Friesland,"Hendrix, Arend"
Netherlands,,Steenhuijsen,"Schamp, Jan"
Netherlands,,Steenhuizen,"Hoogdorp, Jan Lambregtsz"
Netherlands,,Steenhuizen,"Jong, Pieter de"
Netherlands,1729-02-12T00:00:00Z,Steenhuizen,"Hoogdorp, Jan Lambregtsz"
Netherlands,1731-09-28T00:00:00Z,Steenhuizen,"Hoogdorp, Jan Lambregtsz"
Netherlands,1736-12-19T00:00:00Z,Steenhuizen,"Baarspul, Theunis"
Netherlands,,Surinaamse Koopman,"Mol, Gerrit Cornelis"
Netherlands,,'s-Graveland,"Boone, Cornelis"
Netherlands,1675-10-28T00:00:00Z,Tholen,"Couvent, Frederick"
Netherlands,1688-07-15T00:00:00Z,Tholen,"Goons, Andries"
Netherlands,,Vergulde Vrijheid,"Bruijst, Jan"
Netherlands,,Vergulde Vrijheid,"Hincke, Pieter Gijsbertsz"
Netherlands,1718-12-26T00:00:00Z,Vergulde Vrijheid,"Laa, David de"
Netherlands,,Vigilantie,
Netherlands,1707-01-28T00:00:00Z,Vliegende Hert (a) Prinz Eugen,"Vos, Jacob Centsen"
Netherlands,,Vlissings Welvaren,"Teijl, Jacob"
Netherlands,1675-10-25T00:00:00Z,Phenix,"Arel, Jan van"
Netherlands,1675-10-25T00:00:00Z,Phenix,"Sijmonsz, Frederick"
Netherlands,,Phenix,"Bonte, Jan"
Netherlands,,Jonge Vogel Phenix,"Banckert, Joost"
Netherlands,,Vrede,"Brasser, Matthijs Laurensz"
Netherlands,,Vrede,"Pets, Daniel"
Netherlands,1704-02-20T00:00:00Z,Vriendschap,"Volle, Jacob"
Netherlands,1690-06-19T00:00:00Z,Vrije Zee,"Langhman, Nicolaes"
Netherlands,1681-03-28T00:00:00Z,Vrijheid,"Dircksz, Michiel"
Netherlands,1683-02-08T00:00:00Z,Vrijheid,"Mondt, Jochem Claasz"
Netherlands,1683-02-08T00:00:00Z,Vrijheid,"Mol, Gerrit Cornelisz"
Netherlands,,Vrijheid,"Star, Gerrit"
Netherlands,1721-11-14T00:00:00Z,Vrijheid,"Buttel, Christoffel de"
Netherlands,,Vrijheid,"Brouwer, Jannes"
Netherlands,,Vrijheid,"Wit, Herman de"
Netherlands,,Vrijheid,"Mooylieves, Cornelis"
Netherlands,1732-06-24T00:00:00Z,Vrijheid,"Gewelt, Jan Pietersz"
Netherlands,1734-05-30T00:00:00Z,Vrijheid,"Gewelt, Jan Pietersz"
Netherlands,1736-06-25T00:00:00Z,Vrijheid,"Ovens, Simon"
Netherlands,1730-10-18T00:00:00Z,Waartwijk,"Velde, Daniel ter"
Netherlands,,Martin,
Netherlands,1819-10-10T00:00:00Z,Virginie,"Canez, B"
Netherlands,1822-10-23T00:00:00Z,Aurora,
Netherlands,,Thérèse,
Netherlands,1829-01-06T00:00:00Z,Jeune Eugénie,"Dezaugat, Jean Adolphe"
Netherlands,1829-01-06T00:00:00Z,Jeune Eugénie,"Niel, Guillaume"
Netherlands,,Grootburg,
Netherlands,,Maria en Elisabeth,Lagorde
Netherlands,,Plattenburg,"Jansen, Leendert"
Netherlands,,America,"Nijse, David de"
Netherlands,1715-11-20T00:00:00Z,Vlissings Welvaren,"Guepin, Jacob"
Netherlands,,Jonge Mathijs,"Prince, Jacob de"
Netherlands,,Westermeer,"Ketelaar, Andries"
Netherlands,,Meermin,
Netherlands,,Johanna,
Netherlands,,Anthony Ewout,
Netherlands,,Vijf Gezusters,"Winterheim, Christiaan Frederik"
Netherlands,,Vrede en Liberteit,"Ditman, H"
Netherlands,,Johannes,
Netherlands,,Paard,
Netherlands,,Watergeus,
Netherlands,,Stad Enkhuizen,
Netherlands,1791-08-04T00:00:00Z,Dapperheid,"Ender, Laurens"
Netherlands,1792-02-04T00:00:00Z,Nieuwe Hoop,"Dijker, Willem"
Netherlands,,Twee Vrienden,
Netherlands,,Standvastigheid,
Netherlands,,Goude Valk,"Wiltschut, Willem Cornelisz"
Netherlands,1667-07-23T00:00:00Z,Rebecca,"Vos, Andries Claase"
Netherlands,,Jonge Prins Willem,"Moor, Gijsbert de"
Netherlands,,Vergulde Zon,"Stoffelsen, Willem Jan"
Netherlands,,Africa,"Foucquier, Simon"
Netherlands,,Africa,"Robbertsz, Willem"
Netherlands,,America,"Jochemsz, Broer"
Netherlands,1668-03-15T00:00:00Z,S Jago,"Juist, Cornelis Ewoutsz"
Netherlands,,Herderin (a) Pastora,"Rutsen, Andries"
Netherlands,,Zwarte Arend (a) Aguila,"Lonck, Pieter Cornelisz"
Netherlands,,Prins van Oranje te Paert,"Rasiere, Laurens de"
Netherlands,1668-11-10T00:00:00Z,Leonora (a) Leeuwinne,"Verschure, Roelof Arentse"
Netherlands,1784-10-24T00:00:00Z,Africaan,
Netherlands,1785-04-14T00:00:00Z,Paramaribo,"Rienke, Leen"
Netherlands,1786-06-20T00:00:00Z,Verwachting,"Doutz, Andries Christiaan"
Netherlands,,Reine Ester,"Jansen, Dirk"
Netherlands,1674-05-27T00:00:00Z,Eendracht,"Joosten, Leendert"
Netherlands,,Vliegende Arend,
Netherlands,,Nieuw Westindisch Huis,"Pietersz, Jan"
Netherlands,,Eendracht,"Backer, Johan Hendricxsen"
Netherlands,,S Pieter,"Berg, Jacob Jansen van de (a) Japon"
Netherlands,,William,"Dircksz, Pieter"
Netherlands,,William,"Helm, Hendrik"
Netherlands,,S Jan,
Netherlands,,Vrede,
Netherlands,,Elisabeth,"Bakker, Cornelis"
Netherlands,,Jonge Jan Nicolaas,"Amstel, Christiaan Albrecht"
Netherlands,,Jonge Jan Nicolaas,"Bakker, Pieter Hansen"
Netherlands,,,Beeker
Netherlands,,,Bovel
Netherlands,,Delft,"Brouwer, Jan"
Netherlands,,,"Lamote, Cornelis"
Netherlands,,,Noordhof
Netherlands,1761-02-07T00:00:00Z,,"Smit, Leijn de"
Netherlands,,,Swaan
Netherlands,,,"Jansen, Jurgen"
Netherlands,,,"Klerk, de"
Netherlands,,Engel Gabriel,
Netherlands,,,Tellenaar
Netherlands,,IJzeren Verken,"Schuer, Reijnier Cornelisz"
Netherlands,,,
Netherlands,,Vliegende Faam,"Fleugel, Hendrik"
Netherlands,,Seerobbe,
Netherlands,1758-05-23T00:00:00Z,Rotterdam,"Harristad, Spooren"
Netherlands,,,"Pets, Daniel"
Netherlands,,,"Scholte, Jan"
Netherlands,,Eenhoorn,"Klink, Anthony"
Netherlands,,Vogel Phenix,"Witboom, Daniel"
Netherlands,,Swalem,
Netherlands,,Vier Gebroeders,
Netherlands,,Vier Gebroeders,"Witte, Witte de"
Netherlands,,Vliegende Arent,"Molenaar, Hendrik de"
Netherlands,,,"Coerte, Huijbregt"
Netherlands,,,"Bruijne, Jacobus de"
Netherlands,,Margarita,"Goethem, Frans van"
Netherlands,,,"Fante, Willem"
Netherlands,,Olijftak,"Jansen, Jan"
Netherlands,,Vogel Phenix,"Meijster, Pieter"
Netherlands,,Maria Susanna,"Geersdaale, Isaac van"
Netherlands,,Vier Gebroeders,"Osdorp, Lucas"
Netherlands,,William,"Chaffin, John"
Netherlands,,Bossenburg,"Vlaminck, Cornelis"
Netherlands,,Dolphijn,"Bogaert, Mathijs"
Netherlands,,Eleonora,"Gommers, Wouter"
Netherlands,,Hercules,"Profeet, Daniel"
Netherlands,,Johanna Cornelia,"Jansen, Frans"
Netherlands,,Nieuwe Claverblad,"Klooster, Jan van de"
Netherlands,,Pieter en Jan,"Knokke, Jacob"
Netherlands,,S Anna,"Nolle, Simon van den"
Netherlands,,,"Hatte, Jan"
Netherlands,,Beyenskercke,"Gastelaar, Joris Bartelsen"
Netherlands,,Bossenburg,"Hatte, Pieter van"
Netherlands,,Braakenburg,"Leijnse, Abraham"
Netherlands,,Fortuijn,"Andriessen, Jan"
Netherlands,,Gouden Leeuw,"Claasen, Jacob"
Netherlands,,Grote Amazone,"Jonge, Francois Huijge de"
Netherlands,,Jonge Dirk,"Meer, Joos van der"
Netherlands,,Jonge Jan,"Meyer, Dirk de"
Netherlands,,Oostdorp,"Koese, Jacobus"
Netherlands,,Peerl,"Credo, Willem"
Netherlands,,Petronella,"Prince, Jacob de"
Netherlands,,Rode Leeuw,
Netherlands,,Claverblad,"Driest, Claas van"
Netherlands,,Grote Amazone,"Jonge, Francois Huijge de"
Netherlands,,Jonge Isaac,"Penne, Cornelis"
Netherlands,,Rode Leeuw,"Claasen, Jacob"
Netherlands,,S Joseph,"Adriaansen, Wylof"
Netherlands,,S Joseph,"Koetswagen, J J"
Netherlands,,Vier Gebroeders,"Osdorp, Lucas"
Netherlands,,Vier Gebroeders,"Focquerel, Thomas"
Netherlands,,Dolphijn,"Bogaert, Mathijs"
Netherlands,,Jonge Jan,"Meyer, Dirk de"
Netherlands,,Gecroonde Appel,"Grassilie, Jan (a) John Grazillier"
Netherlands,,Vliegende Hert (a) Prinz Eugen,"Vos, Jacob Centsen"
Netherlands,,Jager,"Witte, Hendrik de"
Netherlands,,Jonge Jacob,"Cornelissen, Jan"
Netherlands,,Onbekende,"Dankaarts, Johan"
Netherlands,,S Antony Galeij (a) S Antonio Galley,"Charion, Pieter"
Netherlands,,Victoria,"Dronkert, Jan Abraham"
Netherlands,,Gouden Appel,"Huijssen, Cornelis"
Netherlands,,Overwinning van Rijssel,"Mangelaar, Edward"
Netherlands,,Popkensburg,"Fret, Jacob"
Netherlands,,Jonge Abraham,"Adriaansen, Pieter"
Netherlands,,S Antony Galeij,"Thebeu, Pieter"
Netherlands,,America,"Nijse, David de"
Netherlands,1715-10-09T00:00:00Z,Anna Catharina,"Linsen, Claude (a) Klaas Leendersen"
Netherlands,,Bossenburg,"Adriaansen, Joris"
Netherlands,,Eenhoorn,"Rochiers, Jan"
Netherlands,1715-11-07T00:00:00Z,Jonge Elseboom,"Thebeu, Pieter"
Netherlands,,Keizer Karel,"Stevensen, Jacob"
Netherlands,,Neptunus,"Gerrits, Cornelis"
Netherlands,,Vergulde Vrijheid,"Laa, David de"
Netherlands,,Victoria,"Cornelissen, Jan"
Netherlands,,Vijf Gebroeders,"Moor, Jan de"
Netherlands,,,"Doets, Jan Cornelis"
Netherlands,,Den Hulsboom,"Ketelaar, Andries"
Netherlands,,Jager,"Witte, Hendrik de"
Netherlands,,Jonge Abraham,"Bevers, Anthony"
Netherlands,,Jonge Adriaan,"Maarschalk, Ryeke"
Netherlands,,Nieuwe Prins Eugenius,"Mugge, Bastiaan"
Netherlands,,Onbekende,"Baar, Lieven van der"
Netherlands,,Overwinning van Rijssel,"Leijnse, Cornelis"
Netherlands,1716-01-26T00:00:00Z,S Joseph Galeij,"Ravenschot, Jan van"
Netherlands,,Vaderland Getrouw,"Prince, Jacob de"
Netherlands,,Zwarte Leeuw,"Janssen, Hendrik"
Netherlands,,,"Andriessen, Jan"
Netherlands,,Adriana Catharina,"Geleijnse, Pieter"
Netherlands,,Bossenburg,"Adriaansen, Joris"
Netherlands,,Catharina,"Wiggers, Bastiaan"
Netherlands,,Constantia,"Thijssen, Frans"
Netherlands,,Elisabeth,"Pater, Jan"
Netherlands,,Jonge Christina,"Forsberg, Jan"
Netherlands,,Keizer Karel,"Stevensen, Jacob"
Netherlands,,Nieuwe Prins Eugenius,"Mugge, Bastiaan"
Netherlands,,Vaderland Getrouw,"Moor, Jan de"
Netherlands,,Vergulde Vrijheid,"Laa, David de"
Netherlands,,Catharina Johanna,"Barbier, Cornelis"
Netherlands,,Fortuyn,"Varene, Anthony"
Netherlands,,Jonge Adriaan,"Maarschalk, Ryeke"
Netherlands,,Jonge Jan,"Gabion, Daniel"
Netherlands,,Nieuwe Prins Eugenius,"Mugge, Bastiaan"
Netherlands,,Adriana Catharina,"Geleijnse, Pieter"
Netherlands,1718-12-26T00:00:00Z,Jager,"Genugten, Nicolaas van den"
Netherlands,,Jonge Christina,"Forsberg, Jan"
Netherlands,,Jonge Ruyter,"Ketelaar, Andries"
Netherlands,,Twee Gezusters,"Bevers, Anthony"
Netherlands,,,"Janssen, Willem"
Netherlands,,Bunnick,"Prince, Jacob de"
Netherlands,,Jacoba Galeij,"Cornelissen, Jan"
Netherlands,,Johanna,"Croeff, Cornelis"
Netherlands,,Johanna Arnoldina,"Rouleau, Daniel"
Netherlands,,Jonge Jan,"Gabion, Daniel"
Netherlands,,Nieuwe Prins Eugenius,"Mugge, Bastiaan"
Netherlands,,Oost India,"Deinout, Pieter"
Netherlands,,Vaderland Getrouw,"Moor, Jan de"
Netherlands,,Eenhoorn,"Visser, Jasper"
Netherlands,,Porto Prince,"Gibson, Willem"
Netherlands,,Jonge Christina,"Forsberg, Jan"
Netherlands,,Nieuwe Prins Eugenius,"Mugge, Bastiaan"
Netherlands,,Oost India,"Deinout, Pieter"
Netherlands,,Fortuyn,
Netherlands,,Jonge Isaak,"Cornelissen, Jan"
Netherlands,,Nieuwe Prins Eugenius,"Mugge, Bastiaan"
Netherlands,,Vaderland Getrouw,"Moor, Jan de"
Netherlands,,Vrijheid,"Ketelaar, Andries"
Netherlands,,Eenhoorn,"Visser, Jasper"
Netherlands,,Oost India,"Deinout, Pieter"
Netherlands,,Westermeer,"Adriaansen, Joris"
Netherlands,,Winthond,
Netherlands,,Josua Galeij,"Doos, Josua van der"
Netherlands,,Oosterbeek,
Netherlands,,Jonge Moor,"Donker, Jan"
Netherlands,,Middagten,"Sterk, Cornelis"
Netherlands,,Hoop van Dordrecht,"Darem, Pieter"
Netherlands,,Juan,"Jennings, Juan"
Netherlands,,Enridice,Hanley
Netherlands,,Susanna,"Lens, Christoffel"
Netherlands,,,"Boce, Gerardo Lacome"
Netherlands,,,
Netherlands,,Jupiter,"Mol, Sijmon Sijmonsz"
Netherlands,,Jupiter,"Jansz, Gijsbert"
Netherlands,,Maertin Van Roffen,"Johnson, Leonard"
Netherlands,,,
Netherlands,1661-05-18T00:00:00Z,S Maarten van Rossen,"Jansen, Leendert"
Netherlands,,Koning Salomon,"Kop, Caspar Govertse"
Netherlands,1659-05-22T00:00:00Z,S Jan,"Veer, Adriaen Blaes van der"
Netherlands,,Gideon,"Gilde, Sijmon Cornelisz"
Netherlands,,Juffrouw Catharina,"Wilree, Jacob Dircksz"
Netherlands,,,
Netherlands,,S Jacob,"Toeloop, Jacob Jansz van"
Netherlands,,S Jacob,"Richardson, George"
Netherlands,1809-03-27T00:00:00Z,Africaan,Aetjo
Netherlands,,,"Costa, Francisco da"
Netherlands,,,"Noel, Francisco"
Netherlands,,Triton Gally,"Stephens, William"
Netherlands,1709-03-29T00:00:00Z,Jacob,"Briand, Charles"
Netherlands,1709-03-29T00:00:00Z,Jacob,"Briand, Charles"
Netherlands,,Epaminondas,"Din Baas, Isaac"
Netherlands,1658-11-03T00:00:00Z,Liefde,"Vos, Jacob Adriaensz"
Netherlands,1658-11-03T00:00:00Z,Liefde,"Neef, Cornelis Sijmonsz"
Netherlands,,,
Netherlands,,Abrahams Offerhand (a) Sacrificio de A,"Walichsz, Outgert"
Netherlands,,Abrahams Offerhand (a) Sacrificio de A,"Hart, Cornelis"
Netherlands,1660-05-17T00:00:00Z,Geboorte Christi (a) Santo Christo,"Vos, Jacob de"
Netherlands,1660-05-17T00:00:00Z,Geboorte Christi (a) Santo Christo,"Willemsz, Claes"
Netherlands,,S Jan Baptist (a) S Juan Bautista,"Voogt, Jan Sijmonsz"
Netherlands,,S Jan Baptist (a) S Juan Bautista,"Vries, Wouter Abrahamsz de"
Netherlands,,Jonge Prins (a) Príncipe Mozo,
Netherlands,,Profeet Daniel,"Billegas, Pedro Garcia do"
Netherlands,1659-01-14T00:00:00Z,Hoop (a) Esperanza,"Jansz, Cornelis"
Netherlands,1659-01-14T00:00:00Z,Hoop (a) Esperanza,"Cleijnpenning, Govert Harmensz"
Netherlands,1659-01-14T00:00:00Z,Hoop (a) Esperanza,"Pranger, Outgert Simonsz"
Netherlands,1660-01-29T00:00:00Z,S Jan Baptist (a) S Juan Bautista,"Voogt, Harmen"
Netherlands,1660-01-29T00:00:00Z,S Jan Baptist (a) S Juan Bautista,"Voogt, Jan Simonsz"
Netherlands,1660-01-29T00:00:00Z,S Jan Baptist (a) S Juan Bautista,"Hartman, Gerard"
Netherlands,,Paz,"Cuees, Silos"
Netherlands,,Paz,"Gazen, Gilly"
Netherlands,,S João Baptista,"Salazar, João de"
Netherlands,,Naranjo,"Gaspar, Orlando"
Netherlands,,Caballero,
Netherlands,,Santa Luben,"Cornelio, Daniel"
Netherlands,,Grote Africaan,"Hoven, Frederik Frederiksz van"
Netherlands,,,
Netherlands,,Posthoorn,
Netherlands,,Camerling,
Netherlands,,Abrahams Offerhand,
Netherlands,,Asia,"Waterdrinker, Willem"
Netherlands,,Goude Tijger,"Hermans, Govert"
Netherlands,,Verstoorde Leeuw,"Ronge, Ernst"
Netherlands,1674-08-26T00:00:00Z,Vergulde Arend (a),"Backer, Joris"
Netherlands,,Eendracht (a) Goude Poort,"Leenderts, Cornelis"
Netherlands,,Vergulde Zon,Wier
Netherlands,,Domburg,"Nap, Goke Lubberse"
Netherlands,,Amphitrite,
Netherlands,,Mariane,Fetem
Netherlands,,Jonge Samuel,
Netherlands,,Emden,"Valk, Berend de"
Netherlands,,Huis te Merwede,
Netherlands,,Luipaard,"Fredericksz, Claes"
Netherlands,,Luipaard,"Fredericksz, Cornelis"
Netherlands,,Luipaard,"Herrius, Hendrick"
Netherlands,,,"Doensen, Jan"
Netherlands,,Eendracht,
Netherlands,,Tijdverdrijf,"Lapierre, Michel"
Netherlands,,Goude Poort,"Raes, Claes"
Netherlands,,Indiaan,"Sijmonsz, Pieter"
Netherlands,,Indiaan,"Woutersz, Bartel"
Netherlands,,Africa,"Robbertsz, Willem"
Netherlands,,Zeelandia,"Tant, Foort Gillisz"
Netherlands,,Juffrouw Aletta,"Arel, Jan van"
Netherlands,,Susanna,"Jansz, Waling"
Netherlands,,Profeet Samuel,"Boot, Jan Hendricksz"
Netherlands,1669-08-05T00:00:00Z,Haas,"Post, Theunis"
Netherlands,,Jager,
Netherlands,,,"Janssen, Claes"
Netherlands,1655-02-01T00:00:00Z,Vrede,"Barentsen, Herman"
Netherlands,,Eendracht,"Balck, Jan Jacobsz"
Netherlands,,Middelburg,"Henck, Pieter Pietersz"
Netherlands,,Amsterdam,"Dijck, Gerrit Jansz van"
Netherlands,,Zeven Gebroeders,"Diemense, Jan"
Netherlands,,Vrede,"Klinckert, Dirck Jansz"
Netherlands,,Rebecca,"Vos, Andries Claesz"
Netherlands,,Rotterdam,
Netherlands,,S Jan,"Enst, Gerrit van"
Netherlands,1670-12-04T00:00:00Z,Europa,"Claasz, Jochem"
Netherlands,,Fort Goeree,"Danser, Cornelis Jansz"
Netherlands,,America,"Harder, Hendrik de"
Netherlands,,Alida,"Laurensz, Frederick"
Netherlands,,Alida,"Slocker, Jacob Jansz"
Netherlands,,Zeelandia,"Tant, Foort G"
Netherlands,,Zeelandia,"Blonckebijle, Philip Jan"
Netherlands,,Asia,"Waterdrinker, Willem Sijbrantsz"
Netherlands,,Asia,"Pereboom, Dietmar Jansen"
Netherlands,1671-05-06T00:00:00Z,Prins van Oranje te Paard,"Rasiere, Laurens de"
Netherlands,1671-10-12T00:00:00Z,Goude Poort,"Raes, Claes"
Netherlands,,Zeven Gebroeders,"Diemense, Jan"
Netherlands,1670-12-13T00:00:00Z,Hoop,"Waterdrinker, Willem"
Netherlands,1670-12-13T00:00:00Z,Hoop,"Buijs, Simon Gerritsz"
Netherlands,,Anna,
Netherlands,,Welkomst,"Dijck, Gerrit Jansz van"
Netherlands,,Zonnebloem,"Bloem, Cornelis Cornelisz"
Netherlands,,Liefde,"Witteboom, Daniel"
Netherlands,,Zwarte Arend,
Netherlands,,Gerechtigheid (a) Justitie,"Dijk, Laurens Jansen van"
Netherlands,,Goude Griffioen,"Turner, Ephraim"
Netherlands,,Eendracht,
Netherlands,,Goude Tijger,"Ypen, Jan"
Netherlands,,Tourneur,"Jaspersz, Joris"
Netherlands,,Jager,
Netherlands,,,
Netherlands,,Rotterdam,"Groenevelt, Andries Thomasse"
Netherlands,,S Maria,"Raaven, Claas Pietersen"
Netherlands,,Poelwijk,"Berge, Cornelis"
Netherlands,,Vergulde Ree,"Zwan, Antony Aertsz"
Netherlands,1671-08-15T00:00:00Z,Amsterdam,"Dijck, Gerrit Jansz van"
Netherlands,1671-07-08T00:00:00Z,Aletta Maria,"Arel, Jan van"
Netherlands,,Africa,"Harckesz, Pieter"
Netherlands,,Beurs van Amsterdam,"Balck, Jacob Jansz"
Netherlands,,Meiboom,"Jacobsz, Sicke"
Netherlands,1672-01-27T00:00:00Z,Visser,"Kempsen, Frans"
Netherlands,1672-01-27T00:00:00Z,Visser,"Steurman, Jan"
Netherlands,1672-06-27T00:00:00Z,Gideon,"Gilde, Simon Cornelisz"
Netherlands,,S Maria,"Keijser, Waling Jansz"
Netherlands,,Eendracht,"Vos, Harmen Claesz de"
Netherlands,,Jonge Prins Willem,"Mulder, Jurriaan Thijssen"
Netherlands,,Salamander,"Pieterse, Bastiaen"
Netherlands,,Susanna,"Lens, Christoffel"
Netherlands,,Hoop,"Hart, Daniel de"
Netherlands,1672-05-14T00:00:00Z,Phenix,"Amelius, Pieter"
Netherlands,,Gerechtigheid (a) Justitie,"Dijk, Laurens Jansen van"
Netherlands,,Asia,"Jansen, Jochem"
Netherlands,,Engel Gabriel,"Willekes, Thieleman"
Netherlands,,Prins van Oranje te Paard,"Rasiere, Laurens de"
Netherlands,,Prins van Oranje te Paard,"Kock, Dirck"
Netherlands,,Gekroonde Liefde,"Bos, Jan Cornelisz"
Netherlands,,Beurs van Amsterdam,"Balck, Jan Jansz"
Netherlands,,Nieuw Rotterdam,"Vos, Harmen Claesz de"
Netherlands,,S Andrea,
Netherlands,,Morgenstar,"Claver, Jan Claasz"
Netherlands,1674-05-27T00:00:00Z,Asia,"Jansen, Jochem"
Netherlands,,Kasteel van Sluis,"Jasperse, Joris"
Netherlands,,Gekroonde Rad,"Gijsels, Arent"
Netherlands,1656-12-26T00:00:00Z,Eendracht,"Droog, Herman"
Netherlands,1658-02-22T00:00:00Z,Hasselt,"Moocker, Joost Hendrixsen"
Netherlands,,Zeelandia,"Doensen, Jan"
Netherlands,,Melkmeid,
Netherlands,,Goude Fortuin,"Adriaensz, Huijbrecht"
Netherlands,,Kasteel Delmina (a) Groot Jems,
Netherlands,,Maria,
Netherlands,,Goude Leeuw (a) Leona Dorada,"Doncker, Pieter Gerritsz"
Netherlands,,Goude Leeuw (a) Leona Dorada,"Hendricksz, Abel"
Netherlands,,Jonge Prins,"Wels, Huijbrecht C"
Netherlands,1657-11-03T00:00:00Z,Goude Peer,"Valq, Pieter Leendertsz"
Netherlands,,Pauw,"Pestel, William"
Netherlands,,,"Gardijn, Pieter du"
Netherlands,,Ouderkerk,"Vlaming, Gerrit de"
Netherlands,,S Jansburg,"Vos, Theunis Adriaensz"
Netherlands,1652-05-24T00:00:00Z,S Jacob,"Berg, Jacob Jansen van de (a) Japon"
Netherlands,1658-11-10T00:00:00Z,Maagd van Vlissingen,"Bouquet, Dingman"
Netherlands,,Poelwijk,
Netherlands,,Lammerenburg,"Verburg, Hendrik"
Netherlands,,Zuiglam,"Bischop, Jansen"
Netherlands,,Maria,"Graef, Allard Cornelisz"
Netherlands,,Engel (a) Angel de Guarda,"Languillet, Paul"
Netherlands,,Bleeckertje,"Michielsz, Michiel"
Netherlands,1661-05-18T00:00:00Z,Dolfijn,"Bouquet, Dingman"
Netherlands,,Medea,"Juist, Cornelis Ewoutsz"
Netherlands,,Braziliaanse Eendracht,"Cats, Dingman"
Netherlands,,Braziliaanse Eendracht,"Nooteboom, Willem Joppen"
Netherlands,1660-03-01T00:00:00Z,S Pieter,"Diemen, Gerrit Heussen van"
Netherlands,,Ruijter,"Blij, Jan Claesz"
Netherlands,,S Jacob,"Severijnsz, Harmen"
Netherlands,,S Jacob,"Gijsberti, Carlos (Jr)"
Netherlands,,Zon (a) Royal Arms of England,"Jacobsz, Cornelis"
Netherlands,,Gideon,"Gilde, Simon Cornelisz"
Netherlands,,Zeelandia,"Doensen, Jan"
Netherlands,,Maria Charitas,"Cleijnpenning, Govert Harmensz"
Netherlands,,Ethiopia,"Jansen, Adriaan"
Netherlands,,Vrede,"Raes, Claes"
Netherlands,,Vergulde Bever,"Michielsz, Michiel"
Netherlands,,Vergulde Bever,"Harcksz, Dirck"
Netherlands,,Gideon,"Gilde, Sijmon Cornelisz"
Netherlands,,S Maria,"Claesz, Andries"
Netherlands,,Vergulde Son,"Plough, Simon Jansz"
Netherlands,,Zwarte Arend,"Lonck, Pieter"
Netherlands,,Bassenburg,"Pieterse, Bastiaen"
Netherlands,,Fortuijn,"Hendricksz, Hendrick"
Netherlands,,S Maria,"Onkruijt, Gerrit Tijmensz"
Netherlands,,Zeelandia,"Doensen, Jan"
Netherlands,,Catharina,"Wilree, Jacob Dircksz"
Netherlands,1663-09-13T00:00:00Z,Gele Zon,"Stoffelsen, Willem Jan"
Netherlands,,Juffrouw Catharina,"Dromcap, Cornelis"
Netherlands,,Liefde,"Goijer, Adriaen Claesz"
Netherlands,,Liefde,"Rasiere, Laurens de"
Netherlands,,Moor,"Moor, Gijsbert de"
Netherlands,,Bassenburg,"Pieterse, Bastiaen"
Netherlands,1664-04-18T00:00:00Z,Walcheren,"Ens, Jacob Jansen"
Netherlands,,Eendracht,"Vertoolen, Andries Cornelisz"
Netherlands,,Diamant,"Raes, Claes"
Netherlands,,Twee Gezusters,
Netherlands,,Vos,"Schaap, Isaac Gerritse"
Netherlands,,Catharina,"Dromcap, Cornelis"
Netherlands,,Gerechtigheid,"Goijer, Adriaen Claesz"
Netherlands,,Prins van Oranje te Paard,"Rasiere, Laurens de"
Netherlands,,S Jan Baptist,"Voogt, Jan Sijmonsz"
Netherlands,,Abrahams Offerhand,
Netherlands,,Jupiter,"Schenking, Marcus"
Netherlands,,Fortuijn,"Wenninck, Dirck Jansz"
Netherlands,,Catharina,"Lens, Christoffel"
Netherlands,,Leonora,"Wilree, Jacob Dircksz"
Netherlands,,Leonora,"Klinckert, Dirck Jansz"
Netherlands,,Zeelandia,"Doensen, Jan"
Netherlands,,Goude Luipaard (a) Goude Tijger,"Slot, Laurens Jacobsz van"
Netherlands,,Willem de Derde,"Bischop, Jacob"
Netherlands,,Maria,"Keijser, Jacob"
Netherlands,,Agatha,"Sijmonsz, Pieter"
Netherlands,,Zeven Gebroeders,"Diemense, Jan"
Netherlands,,Grote Diamant,"Doppeljock, Claes"
Netherlands,,Eendracht,"Minne, Jan"
Netherlands,,Blinde Fortuin,"Roos, Jan Michelsen"
Netherlands,,Vergulde Posthoorn,"Schaap, Isaack Gerritsz"
Netherlands,1668-11-10T00:00:00Z,S Jan,"Vonk, Gerrit"
Netherlands,,S Maria,"Roem, Volckert Claesz"
Netherlands,,Wilde Vrouw,"Terbeeck, Johannes"
Netherlands,,Vreede,"Breijhaen, Hendrick Jansz"
Netherlands,,Revengie (a) Blinde Ezel,"Pieterse, Bastiaen"
Netherlands,,Abrahams Offerhand,"Strijt, Joris Sijmonsz"
Netherlands,,Fortuin,"Depontus, Juan Henriques"
Netherlands,,Eenhoorn,"Depontus, Joost Hendricksz"
Netherlands,,Two Friends,Mackintosh
Netherlands,,Aartshertogin Maria Christina,
Netherlands,,Nieuwe Claverblad,"Klooster, Jan van de"
Netherlands,,,"Dames, Adriaan"
Netherlands,,Europa,"Roggestaert, J"
Netherlands,,Catharina,"Grassilie, Jan (a) John Grazillier"
Netherlands,,Rode Leeuw (a) Røde Løwe,"Bogaart, Adriaan"
Netherlands,,Rode Leeuw (a) Røde Løwe,"Freth, Hubert"
Netherlands,,America,"Nijse, David de"
Netherlands,,Prins Eugenius (a) Prince Eugene,"Schelstraate, Abraham"
Netherlands,,Prins Eugenius (a) Prince Eugene,"Varene, Anthony"
Netherlands,,America,"Nijse, David de"
Netherlands,,Gouden Leeuw,"Jochems, Samuel"
Netherlands,,Nieuwe Prins Eugenius (a) New Prince Eugene,"Mugge, Bastiaan"
Netherlands,,Popkensburg,"Huijssen, Cornelis"
Netherlands,,Laarburg Galley,
Netherlands,,Grevinden af Laurvigen,"Maarschalk, Cornelis (a) Marechal"
Netherlands,,Jager (a) Hunter,"Witte, Hendrik de"
Netherlands,,Vaderland Getrouw,"Moor, Jan de"
Netherlands,,Gouden Appel,"Vallé, Jacob (a) Volle"
Netherlands,,Braambosch,"Vergouw, Jan"
Netherlands,,,"Broeke, Abraham van de"
Netherlands,,Jonge Mathijs,"Janssen, Carel"
Netherlands,,Elisabeth Catharina,"Eversen, Huybrecht"
Netherlands,,,
Netherlands,,Rode Leeuw (a) Røde Løwe,
